ahogo,2
aniquilación,2
atracador,2
atraco,2
balazo,2
defraudar,2
desagradable,2
desamor,2
desnutrición,2
doler,2
dolorosa,2
doloroso,2
endeudamiento,2
engañar,2
epilepsia,2
gonorrea,2
homicidio,2
humillante,2
imposible,2
incomprensión,2
inútil,2
maldad,2
malnutrición,2
martirio,2
mentiroso,2
miedo,2
migraña,2
terremotos,2
traicionar,2
vomitar,2
abolengo*,3
aplastaré,3
batalla,3
brecha,3
caeré,3
cancelación,3
carencia,3
clausura,3
confinamiento,3
confrontación,3
delirante,3
derrumbar,3
desidia,3
despedazaré,3
destruir,3
deudor,3
dictatorial,3
doliente,3
endivia,3
estiércol,3
estremecimiento,3
explotación,3
explotar,3
expulsión,3
fallido,3
faringitis,3
flemón,3
gingivitis,3
ignorante,3
ilegalidad,3
ingratitud,3
inmunda,3
insuficiencia,3
intimidar,3
intolerancia,3
invasión,3
irresponsabilidad,3
jaula,3
marchita,3
melancólico,3
moscardón,3
nerviosismo,3
obstáculo,3
ocultación,3
patético,3
penalizar,3
persecución,3
perversión,3
pierdo,3
posguerra,3
presidio,3
puta,3
queja,3
retención,3
retener,3
sarampión,3
sermón,3
servidumbre,3
someter,3
tabaco,3
totalitario,3
vicioso,3
yihad,3
abatir,4
abstinencia,4
acatamiento,4
alarde,4
alergia,4
apartado,4
ayuno,4
azadón*,4
baja,4
boxeo,4
burlona,4
casta,4
chivo,4
clasicismo,4
colmo,4
contrario,4
coraza,4
desamortización,4
desestimar,4
difícil,4
diluvio,4
doblegar,4
dominio,4
endémica,4
episcopado,4
episcopal,4
escepticismo,4
escrúpulo,4
espectro,4
excusar,4
exhibicionismo,4
fanatismo,4
feudal,4
fuera,4
hastío,4
hostigamiento,4
hoyo,4
inapreciable,4
incrédulo,4
indefinible,4
indolencia,4
inexpugnable,4
iniquidad*,4
inquietante,4
legislación,4
lehendakari,4
lejano,4
lenta,4
mandamiento,4
matemáticas,4
militancia,4
minoritario,4
molienda*,4
monzón,4
ostracismo*,4
oxidación,4
pago,4
palidez,4
patíbulo*,4
pedir,4
perforación,4
póstumo,4
rapiña,4
realeza,4
reducción,4
regla,4
repercutir,4
rescisión,4
reticente,4
sacristía,4
sargento,4
separador,4
sobra,4
sobrepasar,4
solitario,4
sorna*,4
tensor,4
vedado,4
ventisca,4
visceral,4
yerro,4
zángano,4
zarista,4
zumbido,4
entierro,1.15
fusilar,1.15
violación,1.18
tanatorio,1.2
cáncer,1.23
suicidio,1.23
pederastia,1.25
pedofilia,1.26
asesinar,1.3
asfixia,1.3
masacre,1.3
suicidarse,1.32
tumor,1.33
alzheimer,1.35
apuñalar,1.35
eta,1.35
lápida,1.35
matar,1.35
moriré,1.35
infarto,1.4
nazismo,1.4
violar,1.4
asesinato,1.45
degollar,1.45
desesperanza,1.45
empobrecimiento,1.45
fúnebre,1.45
muerte,1.45
sida,1.45
ataúd,1.46
homicida,1.48
acoso,1.5
catástrofe,1.5
depresión,1.5
infeliz,1.5
mutilación,1.5
terrorista,1.5
trágico,1.5
tuberculosis,1.5
funeral,1.52
deprimido,1.53
muerto,1.53
sífilis,1.53
epidemia,1.55
esclerosis,1.55
fallecer,1.55
lapidación,1.55
malaria,1.55
secuestrar,1.55
asfixiarse,1.58
alcoholismo,1.6
desempleo,1.6
dictador,1.6
fratricidio*,1.6
marginación,1.6
nazi,1.6
odio,1.6
pobreza,1.6
terrorismo,1.6
desgraciada,1.65
difunto,1.65
enterrar,1.65
fallecimiento,1.65
frustrante,1.65
humillaré,1.65
incurable,1.65
infiel,1.65
leucemia,1.65
luto,1.65
maltratar,1.65
maltrato,1.65
paliza,1.65
puñalada,1.65
mutilar,1.68
abuso,1.7
bulimia,1.7
deprimente,1.7
despedir,1.7
ébola,1.7
etarra,1.7
infidelidad,1.7
moribundo,1.7
morir,1.7
muere,1.7
muero,1.7
sepulcro,1.7
suspenso,1.7
viudedad,1.7
cadáver,1.73
cementerio,1.73
mutilaría,1.74
tsunami,1.74
bomba,1.75
bombardeo,1.75
corrupto,1.75
defunción,1.75
desilusión,1.75
dictadura,1.75
enfermedad,1.75
esclavitud,1.75
marginal,1.75
exterminio,1.79
amargura,1.8
desgraciado,1.8
inundaciones,1.8
machista,1.8
náusea,1.8
pesadilla,1.8
ruptura,1.8
tortura,1.8
torturar,1.8
tristeza,1.8
esclavo,1.83
gastroenteritis,1.84
agredir,1.85
amnesia,1.85
atentado,1.85
hepatitis,1.85
herir,1.85
hospitalizado,1.85
humillado,1.85
secuestro,1.85
tragedia,1.85
agobiado,1.88
crucificar,1.9
decepcionaría,1.9
despedida,1.9
despreciable,1.9
difunta,1.9
discriminación,1.9
encarcelamiento,1.9
enferma,1.9
envenenamiento,1.9
genocidio,1.9
guerra,1.9
pena,1.9
puñal,1.9
traicionaría,1.9
violencia,1.9
violento,1.9
abandonado,1.93
infanticidio,1.94
angustia,1.95
aniquilamiento,1.95
atropello,1.95
canibalismo,1.95
contagio,1.95
contaminación,1.95
crucifixión,1.95
dañar,1.95
desconfiar,1.95
desigualdad,1.95
enfermizo,1.95
enterramiento,1.95
fallar,1.95
fracaso,1.95
fusilamiento,1.95
hambruna,1.95
hipoteca,1.95
hospitalización,1.95
humillación,1.95
incendio,1.95
incesto,1.95
injusticia,1.95
intoxicación,1.95
mentir,1.95
racista,1.95
repugnante,1.95
sobrepeso,1.95
sufrimiento,1.95
sumisión,1.95
traiciona,1.95
lepra,1.98
trauma,1.98
agresión,2.03
asesino,2.03
miseria,2.03
apendicitis,2.05
atropellar,2.05
azotar,2.05
catastrófica,2.05
celos,2.05
celoso,2.05
corrupción,2.05
crucificaría,2.05
daño,2.05
despido,2.05
devastador,2.05
disgusto,2.05
droga,2.05
egoísmo,2.05
envenenar,2.05
funerario,2.05
hemorragia,2.05
malicioso,2.05
mortal,2.05
mutilaré,2.05
ofende,2.05
traición,2.05
gangrena,2.06
ahogarse,2.08
desastre,2.08
odiar,2.08
veneno,2.08
sangriento,2.09
amputación,2.1
ansiedad,2.1
asfixiante,2.1
atracar,2.1
calabozo,2.1
cirrosis,2.1
crueldad,2.1
delito,2.1
espantoso,2.1
falsedad,2.1
fatalidad,2.1
fraude,2.1
frustración,2.1
fusil,2.1
golpear,2.1
inferioridad,2.1
insatisfacción,2.1
mal,2.1
maligno,2.1
moriría,2.1
mortalidad,2.1
multa,2.1
mutila,2.1
parálisis,2.1
pobre,2.1
prisión,2.1
putrefacción,2.1
rechazo,2.1
robar,2.1
traicionaré,2.1
triste,2.1
úlcera,2.1
víbora,2.1
otitis,2.11
repudiar,2.11
terremoto,2.11
accidente,2.13
egoísta,2.13
féretro,2.13
inseguro,2.13
malicia,2.13
soledad,2.13
aberración,2.15
acosar,2.15
agresor,2.15
atormentar,2.15
avaricia,2.15
caries,2.15
castigar,2.15
crimen,2.15
decepcionar,2.15
dolor,2.15
embargo,2.15
enemistad,2.15
guillotina,2.15
herido,2.15
hipocresía,2.15
hipócrita,2.15
huérfano,2.15
infelicidad,2.15
inhabilitación,2.15
insensible,2.15
matadero,2.15
menosprecio,2.15
narcotraficante,2.15
negativo,2.15
paro,2.15
secta,2.15
suicida,2.15
usurpación,2.15
venenosa,2.15
neumonía,2.16
salmonelosis,2.16
mutilo,2.17
humillar,2.18
tumba,2.18
fibromialgia,2.19
arma,2.2
asfixiar,2.2
contaminante,2.2
criticar,2.2
culpabilidad,2.2
culpar,2.2
desánimo,2.2
enojar,2.2
espanto,2.2
estúpida,2.2
fascismo,2.2
gravísimo,2.2
histérica,2.2
holocausto,2.2
horror,2.2
horroroso,2.2
humilla,2.2
insoportable,2.2
intranquilidad,2.2
invalidez,2.2
mafia,2.2
mentira,2.2
penuria,2.2
racismo,2.2
sacrificar,2.2
tiroteo,2.2
xenofobia,2.2
encefalitis,2.21
facha,2.21
pandemia,2.21
ultraderechista,2.21
crisis,2.23
cruel,2.23
engaño,2.23
abusar,2.25
abusivo,2.25
agonizante,2.25
amenazador,2.25
analfabetismo,2.25
asesina,2.25
atrocidad,2.25
bronquitis,2.25
celda,2.25
crucificaré,2.25
dañino,2.25
decepcionante,2.25
derrumbamiento,2.25
desalojo,2.25
desprestigio,2.25
divorciar,2.25
envidiosa,2.25
envidioso,2.25
fobia,2.25
frustrado,2.25
frustrar,2.25
gripe,2.25
grosero,2.25
harto,2.25
herpes,2.25
inestabilidad,2.25
infernal,2.25
insalvable,2.25
inseguridad,2.25
lanzamisiles,2.25
llorar,2.25
marginalidad,2.25
odioso,2.25
padecimiento,2.25
párkinson,2.25
peor,2.25
recaída,2.25
repugnar,2.25
suciedad,2.25
traidor,2.25
indefensión,2.26
robo,2.26
destrucción,2.28
detestar,2.28
abandono,2.3
agonía,2.3
ametralladora,2.3
anomalía,2.3
anorexia,2.3
autoritarismo,2.3
calvario,2.3
criminal,2.3
criminalidad,2.3
decepcionaré,2.3
destrozar,2.3
discusión,2.3
empeorar,2.3
encadenamiento,2.3
enfado,2.3
esquizofrenia,2.3
fracasar,2.3
hambre,2.3
hipertensión,2.3
huir,2.3
incineración,2.3
incomunicación,2.3
inválido,2.3
irritación,2.3
irritante,2.3
lesionar,2.3
llanto,2.3
manipular,2.3
miserable,2.3
perder,2.3
pérdida,2.3
pesimismo,2.3
plaga,2.3
prisionero,2.3
separación,2.3
sepultura,2.3
sollozo,2.3
traficar,2.3
tuberculosos,2.3
vulnerabilidad,2.3
infamia,2.32
peste,2.32
aterrorizado,2.33
cárcel,2.33
castigo,2.33
estrés,2.33
grave,2.33
lesión,2.33
mendigo,2.33
rapto,2.33
rehén,2.33
agresividad,2.35
agresivo,2.35
amenazar,2.35
aniquilar,2.35
bancarrota,2.35
cautiverio,2.35
conjuntivitis,2.35
crucifica,2.35
debilitamiento,2.35
deforestación,2.35
delincuente,2.35
demencia,2.35
derrota,2.35
desprecio,2.35
destructiva,2.35
detestable,2.35
disputa,2.35
empeoramiento,2.35
entristecer,2.35
envidia,2.35
esterilidad,2.35
fatal,2.35
imperdonable,2.35
impuesto,2.35
insultante,2.35
malestar,2.35
maremoto,2.35
obligo,2.35
opresión,2.35
pegar,2.35
perjudicar,2.35
pervertido,2.35
pésame,2.35
preocupación,2.35
psoriasis,2.35
ridículo,2.35
sequía,2.35
terror,2.35
trombosis,2.35
viruela,2.35
mato,2.37
angustiado,2.38
chantaje,2.38
maníaco,2.38
putrefacto,2.38
sucio,2.38
acusación,2.4
angustiosa,2.4
ardor,2.4
artritis,2.4
constipado,2.4
derrame,2.4
desaparición,2.4
desencanto,2.4
deslealtad,2.4
disfunción,2.4
distanciar,2.4
escoria,2.4
esguince,2.4
estafa,2.4
FALSE,2.4
francotirador,2.4
gritón,2.4
guerrilla,2.4
hernia,2.4
horca,2.4
impertinente,2.4
impostor,2.4
incapacidad,2.4
infierno,2.4
injusto,2.4
inutilidad,2.4
lumbalgia,2.4
matanza,2.4
meningitis,2.4
mortandad,2.4
obsesiva,2.4
pésima,2.4
podrido,2.4
rencor,2.4
sangrienta,2.4
siniestralidad,2.4
soborno,2.4
sofocante,2.4
sometimiento,2.4
toxicidad,2.4
traumática,2.4
vulgaridad,2.4
malvado,2.41
esclavista,2.42
exilio,2.42
extorsionar,2.42
alcohólico,2.43
hemiplejia,2.44
bombardear,2.45
bronca,2.45
chantajear,2.45
codicia,2.45
cólico,2.45
decepciono,2.45
defectuosa,2.45
derrumbe,2.45
descalificación,2.45
desdichada,2.45
desesperación,2.45
desorientación,2.45
devastación,2.45
dolorida,2.45
enemigo,2.45
enfadar,2.45
enfermar,2.45
engordar,2.45
entorpecer,2.45
estafar,2.45
expropiación,2.45
grotesco,2.45
herida,2.45
homofobia,2.45
horrible,2.45
hurto,2.45
imposibilidad,2.45
inmovilidad,2.45
inquisición,2.45
lanzagranadas,2.45
metralleta,2.45
molesto,2.45
navaja,2.45
pánico,2.45
peligrar,2.45
perderé,2.45
preocupante,2.45
prepotencia,2.45
prisionera,2.45
proyectil,2.45
quiebra,2.45
radioterapia,2.45
represiva,2.45
saqueo,2.45
siervo,2.45
sobornar,2.45
sufrir,2.45
suplicar,2.45
tóxico,2.45
contaminar,2.46
cancela,2.47
denegación,2.47
despreciar,2.47
metralla,2.47
podredumbre,2.47
salmonela,2.47
infección,2.48
maleducado,2.48
quemadura,2.48
solo,2.48
vómito,2.48
adulterio,2.5
arrogante,2.5
asilo,2.5
brutalidad,2.5
decepciona,2.5
desanimado,2.5
deshonra,2.5
desolador,2.5
diabólica,2.5
enfurecido,2.5
estorbo,2.5
fatídico,2.5
gastritis,2.5
humillaría,2.5
incapaz,2.5
incompatibilidad,2.5
inmoralidad,2.5
insatisfecho,2.5
ira,2.5
irresponsable,2.5
irrita,2.5
maldición,2.5
mezquino,2.5
negligencia,2.5
orfanato,2.5
padecer,2.5
político,2.5
pulmonía,2.5
quimioterapia,2.5
rabioso,2.5
siniestrado,2.5
terrible,2.5
traumatismo,2.5
venganza,2.5
verdugo,2.5
victimismo,2.5
cobarde,2.53
débil,2.53
despecho,2.53
fastidiar,2.53
jaqueca,2.53
negligente,2.53
tifus,2.53
abandonar,2.55
acusar,2.55
amenazante,2.55
asco,2.55
asfixio,2.55
atasco,2.55
colisión,2.55
conflicto,2.55
culpa,2.55
decepción,2.55
delincuencia,2.55
desgracia,2.55
discriminar,2.55
disgustado,2.55
divorcio,2.55
duelo,2.55
estéril,2.55
excluir,2.55
explosivos,2.55
fascista,2.55
fumar,2.55
furioso,2.55
garrapata,2.55
huracán,2.55
ignorar,2.55
impotente,2.55
incomodidad,2.55
incompetente,2.55
incorrecto,2.55
inhumano,2.55
inundar,2.55
lamentable,2.55
lamento,2.55
macabro,2.55
misil,2.55
obligar,2.55
parásito,2.55
piojos,2.55
pistola,2.55
quiste,2.55
sanguinario,2.55
siniestro,2.55
sufra,2.55
temer,2.55
timar,2.55
toreo,2.55
trampa,2.55
vengar,2.55
vergonzoso,2.55
vicio,2.55
despedazar,2.56
avergonzado,2.58
enfadado,2.58
ignorancia,2.58
insolencia,2.58
adicto,2.6
arrestar,2.6
artrosis,2.6
asqueado,2.6
atentar,2.6
avergonzar,2.6
calavera,2.6
censura,2.6
cocaína,2.6
condenar,2.6
cruenta*,2.6
derrama,2.6
desastrosa,2.6
deshidratación,2.6
enfermo,2.6
escoliosis,2.6
escopeta,2.6
exclusión,2.6
fiebre,2.6
fosa,2.6
hundir,2.6
ilegalizada,2.6
imbécil,2.6
incidente,2.6
indigencia,2.6
inyección,2.6
jamás,2.6
maldecir,2.6
molesta,2.6
patera,2.6
perjudicial,2.6
perjuicio,2.6
repugnancia,2.6
rifle,2.6
sordera,2.6
tiranía,2.6
traiciono,2.6
usurpar,2.6
violenta,2.6
viuda,2.6
asqueroso,2.63
calamidad,2.63
grosería,2.63
incordio,2.63
narcotráfico,2.63
ofender,2.63
ofendo,2.63
pus,2.63
ruin,2.63
ultranacionalista,2.63
urticaria,2.63
ahogar,2.65
amonestación,2.65
antipatía,2.65
armamento,2.65
autoritario,2.65
blasfemar,2.65
boicoteo,2.65
confiscación,2.65
contrabando,2.65
deforme,2.65
degeneración,2.65
desalojar,2.65
desolación,2.65
dificultaría,2.65
enfrentamiento,2.65
enfurezco,2.65
engañosa,2.65
escasez,2.65
evacuación,2.65
exterminar,2.65
extremista,2.65
fatiga,2.65
histeria,2.65
ilegalización,2.65
impedimento,2.65
imprudencia,2.65
incomprensible,2.65
inconveniente,2.65
inflexible,2.65
inoportuno,2.65
insensatez,2.65
insensibilidad,2.65
insultar,2.65
insulto,2.65
lástima,2.65
malentendido,2.65
manicomio,2.65
manipulación,2.65
mediocridad,2.65
peligroso,2.65
pinchazo,2.65
profanación,2.65
prohibición,2.65
rabia,2.65
radiactivo,2.65
reprimir,2.65
secretismo,2.65
sinvergüenza,2.65
temor,2.65
tendinitis,2.65
timo,2.65
víctima,2.65
glaucoma,2.67
amenaza,2.68
bofetada,2.68
dolencia,2.68
obesidad,2.68
obsesión,2.68
pota,2.68
aburrimiento,2.7
acusador,2.7
altercado,2.7
aplastar,2.7
apuros,2.7
calumnia,2.7
conflictividad,2.7
deformación,2.7
dependencia,2.7
desconcierto,2.7
desesperado,2.7
desfachatez,2.7
desfavorable,2.7
desplomar,2.7
discriminatorio,2.7
enfureceré,2.7
enojada,2.7
envejecer,2.7
envejecimiento,2.7
excusa,2.7
franquismo,2.7
frialdad,2.7
hurtar,2.7
imprudente,2.7
incompetencia,2.7
indeseable,2.7
inservible,2.7
monotonía,2.7
nefasta,2.7
negativa,2.7
ofendido,2.7
oprimir,2.7
patología,2.7
pavor,2.7
pesimista,2.7
postguerra,2.7
prejuicio,2.7
quirófano,2.7
siniestra,2.7
temeroso,2.7
tirano,2.7
tiro,2.7
vulgar,2.7
inadmisibilidad,2.71
cucaracha,2.72
mugre,2.72
desleal,2.73
dificultar,2.73
distante,2.73
molestar,2.73
precipicio,2.73
soga,2.73
deplorable,2.74
engreído,2.74
repudio,2.74
ultraderecha,2.74
angina,2.75
armas,2.75
asma,2.75
atacar,2.75
bala,2.75
cabrón,2.75
caza,2.75
ceguera,2.75
cobardía,2.75
deportación,2.75
dermatitis,2.75
desaparecería,2.75
despedazaría,2.75
deterioro,2.75
escarnio*,2.75
estupidez,2.75
explosivo,2.75
fallo,2.75
flaqueza,2.75
harta,2.75
incompleta,2.75
indecisión,2.75
inflamación,2.75
insuficiente,2.75
intransigente,2.75
inundación,2.75
lamentar,2.75
mofa,2.75
nocivo,2.75
perdedor,2.75
prohibir,2.75
radiactividad,2.75
rechazado,2.75
reclusión,2.75
retraso,2.75
selectividad,2.75
soberbia,2.75
sumiso,2.75
suspender,2.75
ultimátum,2.75
vago,2.75
varicela,2.75
innoble,2.76
golpe,2.78
heridas,2.78
irritar,2.78
mareado,2.78
problema,2.78
afasia,2.79
amigdalitis,2.79
consternación,2.79
intransigencia,2.79
irrito,2.79
lupus,2.79
oncología,2.79
parricidio,2.79
abatimiento,2.8
aterrador,2.8
cefalea,2.8
contradictorio,2.8
cuarentena,2.8
cuchillo,2.8
denegar,2.8
desapareceré,2.8
desinterés,2.8
destructor,2.8
diabetes,2.8
diarrea,2.8
dinamita,2.8
dominante,2.8
drama,2.8
enfurecería,2.8
estallar,2.8
expulsar,2.8
extinción,2.8
forzar,2.8
fractura,2.8
gérmenes,2.8
impotencia,2.8
incompatible,2.8
ineficaz,2.8
irreparable,2.8
machacar,2.8
maldita,2.8
menospreciar,2.8
monótono,2.8
ofenderé,2.8
pelea,2.8
perturbación,2.8
radiación,2.8
rejas,2.8
resentimiento,2.8
ruidoso,2.8
sentenciar,2.8
sepulcral,2.8
suplicio,2.8
torero,2.8
tuerto,2.8
vagabundo,2.8
vulnerable,2.8
avaro,2.82
enfisema,2.82
asustado,2.83
demonio,2.83
desagrado,2.83
desordenado,2.83
retrasado,2.83
rubeola,2.83
condolencia,2.84
desamparo,2.84
desertización,2.84
despotismo,2.84
osteoporosis,2.84
aborto,2.85
adversidad,2.85
amargo,2.85
aparentar,2.85
arder,2.85
arresto,2.85
arrogancia,2.85
atraso,2.85
basura,2.85
cacería,2.85
ceniza,2.85
condena,2.85
cuchilla,2.85
culpable,2.85
decaimiento,2.85
deficiencia,2.85
degradación,2.85
demente,2.85
desecho,2.85
desmayo,2.85
distanciamiento,2.85
encierro,2.85
enjuiciar,2.85
farsa,2.85
franquista,2.85
ingrato,2.85
insufrible,2.85
interrogatorio,2.85
invasor,2.85
ladrón,2.85
lloro,2.85
manco,2.85
materialista,2.85
melancolía,2.85
necio,2.85
ofensa,2.85
porquería,2.85
privar,2.85
rechazar,2.85
remordimiento,2.85
reprochar,2.85
repulsión,2.85
resaca,2.85
resignación,2.85
tabaquismo,2.85
terrorífico,2.85
usurpador,2.85
vandalismo,2.85
vertedero,2.85
fétido,2.87
congoja,2.88
sarna,2.88
calumniar,2.89
desgarro,2.89
injuria,2.89
torear,2.89
aburrido,2.9
aburrir,2.9
acne,2.9
alarmante,2.9
antidisturbios,2.9
aplastaría,2.9
arrepentirse,2.9
atacante,2.9
boicot,2.9
bruto,2.9
caída,2.9
chusma,2.9
cínico,2.9
cólera,2.9
convulsión,2.9
desconfianza,2.9
desdichado,2.9
desequilibrio,2.9
destierro,2.9
emergencia,2.9
error,2.9
estúpido,2.9
gobierno,2.9
gruñir,2.9
hipertiroidismo,2.9
inalcanzable,2.9
incumplir,2.9
inmaduro,2.9
inmoral,2.9
insomnio,2.9
intruso,2.9
inundado,2.9
laringitis,2.9
matador,2.9
mezquina,2.9
morgue,2.9
neurótico,2.9
obeso,2.9
olvido,2.9
parado,2.9
pastilla,2.9
penitencia,2.9
pesadumbre,2.9
prostitución,2.9
puñetazo,2.9
represalia,2.9
resentir,2.9
sangrado,2.9
vándalo,2.9
villano,2.9
afligido,2.92
peligro,2.93
piojo,2.93
cataclismo,2.94
legionela,2.94
usurero,2.94
agotamiento,2.95
alejar,2.95
anemia,2.95
arruinar,2.95
cansancio,2.95
carroña,2.95
chillido,2.95
complicación,2.95
congestión,2.95
decaer,2.95
desbordamiento,2.95
deuda,2.95
discutir,2.95
disparar,2.95
disparo,2.95
dominador,2.95
enfada,2.95
envidiar,2.95
escupir,2.95
fingir,2.95
gordura,2.95
grano,2.95
humillo,2.95
incendiar,2.95
incómodo,2.95
ineficiente,2.95
inestable,2.95
irritaré,2.95
juzgar,2.95
lastre,2.95
maldito,2.95
mediocre,2.95
neurosis,2.95
nicotina,2.95
obligación,2.95
peligrosidad,2.95
perverso,2.95
radicalización,2.95
resfriado,2.95
resignar,2.95
restricción,2.95
reuma,2.95
reventar,2.95
romper,2.95
saquear,2.95
síndrome,2.95
socorro,2.95
temblor,2.95
tiroiditis,2.95
tos,2.95
vencido,2.95
viudo,2.95
burla,2.98
cansado,3.03
cicatriz,3.03
desperdicio,3.03
adicción,3.05
aislamiento,3.05
aislar,3.05
amonestar,3.05
astilla,3.05
ataque,3.05
autopsia,3.05
avería,3.05
aversión,3.05
biopsia,3.05
castración,3.05
chabola,3.05
contratiempo,3.05
conveniencia,3.05
corromper,3.05
costoso,3.05
crudeza,3.05
deficiente,3.05
demoler,3.05
depender,3.05
dependiente,3.05
derroche,3.05
desaliento,3.05
descuidar,3.05
desestabilizar,3.05
despectivo,3.05
desperdiciar,3.05
desventaja,3.05
discapacidad,3.05
discordia,3.05
distancia,3.05
dominación,3.05
enojo,3.05
estancamiento,3.05
examen,3.05
fatigado,3.05
follón,3.05
fraudulenta,3.05
imputar,3.05
indefenso,3.05
inexperiencia,3.05
inferior,3.05
inyectar,3.05
lágrima,3.05
látigo,3.05
lentitud,3.05
mancha,3.05
odia,3.05
ofensiva,3.05
operación,3.05
pelear,3.05
perecer,3.05
portazo,3.05
problemática,3.05
psicosis,3.05
recaer,3.05
represión,3.05
reproche,3.05
sabotaje,3.05
sola,3.05
susto,3.05
vasallo,3.05
injuriar,3.06
veto,3.06
febril,3.07
inanición,3.07
agravamiento,3.1
alarma,3.1
asustar,3.1
borracho,3.1
cansar,3.1
carecer,3.1
choza,3.1
colesterol,3.1
conspiración,3.1
crucifico,3.1
debilidad,3.1
defecto,3.1
déficit,3.1
denunciar,3.1
desconsuelo,3.1
desterrar,3.1
eliminación,3.1
equivocación,3.1
estorbar,3.1
explosión,3.1
extremismo,3.1
fastidio,3.1
fugitivo,3.1
grasa,3.1
gruñido,3.1
imposición,3.1
inactivo,3.1
infringir,3.1
interrupción,3.1
intolerable,3.1
invadir,3.1
juicio,3.1
lastimero,3.1
mala,3.1
mazmorra,3.1
molestia,3.1
monstruoso,3.1
obliga,3.1
paperas,3.1
peaje,3.1
penal,3.1
pendón,3.1
penitenciario,3.1
penoso,3.1
perversidad,3.1
polución,3.1
quitar,3.1
radicalismo,3.1
resentirse,3.1
resignada,3.1
rotura,3.1
saturación,3.1
síntoma,3.1
subsistir,3.1
superficial,3.1
supresión,3.1
tanque,3.1
terminal,3.1
tormentoso,3.1
tropiezo,3.1
abortar,3.11
asediado,3.11
desconcertante,3.11
difamación,3.11
malversación,3.11
mártir,3.11
rompimiento,3.11
vacío,3.11
caos,3.13
hambriento,3.13
idiota,3.13
quitameriendas,3.13
riña,3.13
roña,3.13
oprobio*,3.14
tábano,3.14
asustadizo,3.15
bastardo,3.15
bochorno,3.15
burocrático,3.15
choque,3.15
colapso,3.15
coste,3.15
derribo,3.15
desafortunado,3.15
desasosiego,3.15
desengaño,3.15
desinformación,3.15
despilfarro,3.15
despoblación,3.15
diablo,3.15
enredar,3.15
entrometer,3.15
especulación,3.15
espina,3.15
extorsión,3.15
extrañar,3.15
falsificación,3.15
furia,3.15
hinchazón,3.15
ilegalizar,3.15
impedir,3.15
inaccesible,3.15
indigna,3.15
indignación,3.15
ineficacia,3.15
infame,3.15
insignificante,3.15
insostenible,3.15
interrumpir,3.15
lacra,3.15
llaga,3.15
nunca,3.15
ofensivo,3.15
perdido,3.15
perseguidor,3.15
porrazo,3.15
privatizar,3.15
prohibe,3.15
prostituta,3.15
reacio,3.15
rechaza,3.15
seísmo,3.15
tardar,3.15
temible,3.15
tenebroso,3.15
tormento,3.15
tornado,3.15
aturdimiento,3.16
frívolo,3.16
horrenda,3.16
intrusión,3.16
irrupción,3.16
perdería,3.16
aria,3.17
epitafio,3.17
pedante,3.17
aplastado,3.18
ciclón,3.18
insolente,3.18
lloriqueo,3.18
rancio,3.18
tenso,3.18
tonto,3.18
favela,3.19
funesto,3.19
adición,3.2
antisocial,3.2
apuro,3.2
arrastre,3.2
arzobispado,3.2
asalto,3.2
ausencia,3.2
babosa,3.2
burlar,3.2
cancelar,3.2
condenación,3.2
conflictiva,3.2
corrosión,3.2
cuota,3.2
degradar,3.2
demanda,3.2
desacreditar,3.2
desacuerdo,3.2
desagüe,3.2
descomposición,3.2
descontento,3.2
desintegración,3.2
dificulta,3.2
diputado,3.2
disturbio,3.2
encarcelar,3.2
enfurece,3.2
estrellar,3.2
forzosa,3.2
furcia,3.2
gritar,3.2
guerrillero,3.2
hongos,3.2
inapropiado,3.2
incoherente,3.2
incontrolable,3.2
indecente,3.2
indigno,3.2
infortunio,3.2
inquisidor,3.2
irrevocable,3.2
irritaría,3.2
mareo,3.2
mierda,3.2
naufragar,3.2
omisión,3.2
perturbar,3.2
pulga,3.2
purga,3.2
purgatorio,3.2
residuo,3.2
ruina,3.2
rumor,3.2
sanción,3.2
sirviente,3.2
sordo,3.2
talibán,3.2
temblorosa,3.2
testamento,3.2
tráfico,3.2
apresar,3.21
demolición,3.21
derramamiento,3.21
mononucleosis,3.21
petrolero,3.21
precariedad,3.21
magnicidio*,3.22
sinusitis,3.22
mosquito,3.23
soso,3.23
ampolla,3.25
antisemita,3.25
apatía,3.25
callar,3.25
complot,3.25
criada,3.25
decadencia,3.25
demandado,3.25
depredador,3.25
desaparecer,3.25
desaprobación,3.25
eliminar,3.25
encrucijada,3.25
enredo,3.25
ensuciar,3.25
gatillo,3.25
imperfección,3.25
inaceptable,3.25
irreversible,3.25
jerarquía,3.25
limitación,3.25
menstruación,3.25
miedoso,3.25
monstruo,3.25
obispado,3.25
obligaré,3.25
patológico,3.25
pierde,3.25
quebrantar,3.25
reclutamiento,3.25
reemplazo,3.25
retrasar,3.25
revolver,3.25
rogar,3.25
sequedad,3.25
silicosis*,3.25
temeridad,3.25
tosferina*,3.25
vendaval,3.25
cistitis,3.26
cripta,3.26
rompo,3.26
sacrilegio,3.26
suburbio,3.26
cornear,3.27
desertor,3.27
depreciación,3.28
escorbuto,3.28
fiasco,3.28
hongo,3.28
roto,3.28
desazón,3.29
vetar,3.29
abismo,3.3
afecta,3.3
alcohólica,3.3
ambulancia,3.3
bloqueo,3.3
cardenal,3.3
carga,3.3
catarro,3.3
cazar,3.3
confuso,3.3
contagiosa,3.3
cortar,3.3
dejar,3.3
desdicha,3.3
desestabilización,3.3
desgaste,3.3
desplome,3.3
enfurecer,3.3
equivocar,3.3
estrago,3.3
extinguir,3.3
fealdad,3.3
grito,3.3
hostil,3.3
imponer,3.3
inactividad,3.3
incumplimiento,3.3
lumbago,3.3
mutación,3.3
naufragio,3.3
obligatorio,3.3
panteón,3.3
pesadez,3.3
presión,3.3
privación,3.3
quejar,3.3
reñir,3.3
repulsa,3.3
rompería,3.3
ruido,3.3
sospechoso,3.3
subdesarrollo,3.3
terco,3.3
trinchera,3.3
urgencia,3.3
descalabro,3.32
preocupar,3.32
rendición,3.32
secreción,3.32
antisemitismo,3.33
endeble,3.33
estupro*,3.33
expiación,3.33
narcótico,3.33
turbio,3.33
abolladura,3.35
alquitrán,3.35
alterar,3.35
aplasto,3.35
armada,3.35
asaltar,3.35
autismo,3.35
bárbaro,3.35
carcelero,3.35
carente,3.35
cianuro,3.35
desbordar,3.35
despedaza,3.35
despojo,3.35
detonación,3.35
difamar,3.35
dificultad,3.35
erradicación,3.35
escándalo,3.35
escarmiento,3.35
esconde,3.35
fisura,3.35
hostilidad,3.35
impropio,3.35
imputación,3.35
inconclusa,3.35
incongruencia,3.35
indebida,3.35
inframundo,3.35
intimidación,3.35
mísero,3.35
muleta,3.35
obstrucción,3.35
pagos,3.35
pantanoso,3.35
patógeno,3.35
perdición,3.35
precaria,3.35
privatización,3.35
provocación,3.35
psiquiátrico,3.35
renegar,3.35
repetidora,3.35
rigidez,3.35
tabú,3.35
temblar,3.35
tensa,3.35
trastorno,3.35
virulencia,3.35
hacinamiento,3.36
abominable,3.37
repatriación,3.37
avalancha,3.38
blasfemia,3.38
estancado,3.38
paludismo,3.38
canciller,3.39
hedor,3.39
lúgubre,3.39
alejamiento,3.4
bajeza,3.4
brusco,3.4
caducidad,3.4
celo,3.4
censurar,3.4
chasco,3.4
chocar,3.4
ciego,3.4
combatir,3.4
confundir,3.4
defensiva,3.4
desestima,3.4
dimitir,3.4
dopaje,3.4
encerrar,3.4
encubrimiento,3.4
escaso,3.4
espera,3.4
espiar,3.4
excluyente,3.4
extravío,3.4
faltar,3.4
fuma,3.4
huida,3.4
imperfecto,3.4
improcedente,3.4
incidencia,3.4
inconcebible,3.4
indiscreta,3.4
inerte,3.4
irremediable,3.4
lejanía,3.4
mantenida,3.4
materialismo,3.4
obstaculizar,3.4
paralizar,3.4
plagio,3.4
quebrar,3.4
sancionador,3.4
sancionar,3.4
tensión,3.4
terminante,3.4
traba,3.41
aridez,3.42
asolar,3.42
capitalismo,3.42
monopolio,3.42
obligaría,3.42
tala,3.42
nervioso,3.43
rata,3.43
rinitis,3.43
importuno,3.44
absolutista,3.45
acidez,3.45
agravar,3.45
agria,3.45
aguijón,3.45
arrodillar,3.45
arsénico,3.45
batallón,3.45
boicotear,3.45
calentamiento,3.45
cañón,3.45
caótica,3.45
castidad,3.45
catana,3.45
cerrado,3.45
cerrar,3.45
complicar,3.45
contrariedad,3.45
declive,3.45
derechista,3.45
desaparece,3.45
desaparezco,3.45
descuido,3.45
desierta,3.45
desvanecer,3.45
desventura,3.45
diputada,3.45
errar,3.45
estrechez,3.45
exiliar,3.45
forense,3.45
hospital,3.45
hostia,3.45
impaciencia,3.45
inflamable,3.45
infracción,3.45
insensato,3.45
manía,3.45
menos,3.45
munición,3.45
nuclear,3.45
obispo,3.45
obligatoriedad,3.45
patada,3.45
penúltimo,3.45
percance,3.45
pesado,3.45
polémica,3.45
precipitar,3.45
puerco,3.45
radical,3.45
reclamación,3.45
recorte,3.45
renuncia,3.45
sed,3.45
sedación,3.45
severa,3.45
soportar,3.45
tarántula,3.45
tardía,3.45
vaga,3.45
obscuridad,3.46
abnegación,3.47
amontonar,3.47
aparta,3.47
atroz,3.47
barbarie,3.47
estalinismo,3.47
insolvencia,3.47
minar,3.47
mutismo,3.47
perjurio,3.47
retardo,3.47
reverendo,3.47
tarda,3.47
pesaroso,3.48
afectación,3.5
ansia,3.5
árido,3.5
caigo,3.5
callejera,3.5
caudillo,3.5
clausurar,3.5
cobra,3.5
crispación,3.5
crudo,3.5
debilitar,3.5
decadente,3.5
delictiva,3.5
desobediencia,3.5
destituir,3.5
detonante,3.5
dificultaré,3.5
dilema,3.5
distorsionar,3.5
dolo*,3.5
dudar,3.5
emboscada,3.5
encubrir,3.5
enfriamiento,3.5
enjuiciamiento,3.5
escalofriante,3.5
estallido,3.5
extinta,3.5
factura,3.5
gubernamental,3.5
impuro,3.5
inadmisible,3.5
incontrolada,3.5
injustificada,3.5
inquietud,3.5
internamiento,3.5
inviable,3.5
irracional,3.5
mata,3.5
menoscabo,3.5
moco,3.5
nadie,3.5
obús*,3.5
ocultismo,3.5
oscuro,3.5
oxidado,3.5
pecador,3.5
perniciosa,3.5
presionar,3.5
preso,3.5
recluta,3.5
regañadientes,3.5
rivalidad,3.5
ruinoso,3.5
sacerdotal,3.5
sacrílego,3.5
secuela,3.5
sentencia,3.5
separado,3.5
separar,3.5
soldado,3.5
taurino,3.5
tijereta,3.5
timidez,3.5
vejez,3.5
vértigo,3.5
afección,3.53
alud,3.53
avispa,3.53
celibato,3.53
demagogia,3.53
grita,3.53
moscón,3.53
revólver,3.53
obsceno,3.54
acecho,3.55
aplasta,3.55
autoridad,3.55
bacteria,3.55
bloquear,3.55
capitalista,3.55
combate,3.55
congelación,3.55
delimitación,3.55
demandar,3.55
desestimación,3.55
desistir,3.55
desocupación,3.55
desorden,3.55
despojar,3.55
desprendimiento,3.55
dificulto,3.55
disconformidad,3.55
distorsión,3.55
dramática,3.55
dudoso,3.55
embestida,3.55
erosión,3.55
estalinista,3.55
falacia,3.55
falto,3.55
frágil,3.55
frontera,3.55
gasto,3.55
grieta,3.55
hacienda,3.55
inacabada,3.55
incertidumbre,3.55
indeciso,3.55
inexistencia,3.55
inmóvil,3.55
medicación,3.55
militarización,3.55
negar,3.55
novillero,3.55
ocultar,3.55
pálido,3.55
paralización,3.55
pellizco,3.55
política,3.55
sacrificio,3.55
serio,3.55
soberbio,3.55
sobresaltar,3.55
sospechar,3.55
subestimar,3.55
subordinación,3.55
torpe,3.55
tribunal,3.55
ultraje,3.55
vulneración,3.55
famélico,3.56
palidecer,3.56
separatista,3.56
totalitarismo,3.56
cohecho,3.57
adolecer,3.58
bélico,3.58
desatino,3.58
espinoso,3.58
frivolidad,3.58
heroína,3.58
machete,3.58
pitón,3.59
absolutismo,3.6
cazador,3.6
conmoción,3.6
contenedor,3.6
contrarreloj,3.6
decreciente,3.6
desconocimiento,3.6
dictamen,3.6
entrometido,3.6
equívoco,3.6
facturación,3.6
feroz,3.6
fin,3.6
fofo,3.6
fulminante,3.6
germen,3.6
gris,3.6
hundimiento,3.6
impopular,3.6
incierto,3.6
incoherencia,3.6
interminable,3.6
llorón,3.6
necesidad,3.6
oposición,3.6
penitente,3.6
reprender,3.6
restringir,3.6
sombrío,3.6
súplica,3.6
suspensión,3.6
tempestad,3.6
tiburón,3.6
ultra,3.6
descrédito,3.61
quebrada,3.61
gritería,3.62
aprehensión,3.63
augurio,3.63
cinismo,3.63
empalizada,3.63
implorar,3.63
inacción,3.63
polio,3.64
zozobra*,3.64
alarido,3.65
aristocrática,3.65
arpón,3.65
arrastrar,3.65
arrebatar,3.65
azote,3.65
bandido,3.65
barranco,3.65
bullicio,3.65
caídos,3.65
cirugía,3.65
clandestinidad,3.65
coacción,3.65
combustión,3.65
contradecir,3.65
cortante,3.65
demandada,3.65
desdeñoso,3.65
dominar,3.65
gobernabilidad,3.65
golfo,3.65
impiedad,3.65
inadecuada,3.65
lucha,3.65
maleza,3.65
militar,3.65
mosca,3.65
motosierra,3.65
negación,3.65
olvidar,3.65
paranoia,3.65
parroquia,3.65
pegajoso,3.65
pereza,3.65
piraña,3.65
poco,3.65
polémico,3.65
predicador,3.65
punzante,3.65
quema,3.65
quemar,3.65
renunciar,3.65
rutinaria,3.65
tenia,3.65
torpeza,3.65
vaticano,3.65
yugo,3.65
coerción,3.67
foso,3.67
hiel*,3.67
ortodoxia,3.67
resentiré,3.67
reticencia,3.67
bulla,3.68
despedazo,3.68
diezmo,3.68
medusa,3.68
mucosidad,3.68
polilla,3.68
tirador,3.68
venéreas,3.68
ostentación,3.69
absurdo,3.7
ambulante,3.7
bacteriana,3.7
barcelonista,3.7
barrera,3.7
caer,3.7
comparación,3.7
contradicción,3.7
convento,3.7
desviación,3.7
errónea,3.7
escayola,3.7
eutanasia,3.7
evitar,3.7
exigir,3.7
extracción,3.7
flojo,3.7
garrote,3.7
herejía,3.7
impaciente,3.7
inflación,3.7
irregularidad,3.7
lejos,3.7
lombriz,3.7
nacionalismo,3.7
nada,3.7
opio,3.7
párroco,3.7
pica,3.7
pólvora,3.7
prisa,3.7
régimen,3.7
rematar,3.7
repeler,3.7
resbalar,3.7
restrictiva,3.7
riada,3.7
sangre,3.7
sólo,3.7
suero,3.7
tardanza,3.7
topar,3.7
tropezar,3.7
último,3.7
vacila,3.7
vanidad,3.7
vísceras,3.7
viscosidad,3.7
catacumbas,3.71
deserción,3.71
elitista,3.71
guadaña,3.71
necedad,3.71
perfidia*,3.71
snob,3.71
quicio,3.72
resentiría,3.72
batasuna,3.73
daga,3.73
araña,3.74
canalla,3.74
contraproducente,3.74
desvirtuar,3.74
irascible,3.74
abrumadora,3.75
anaconda,3.75
antagonista,3.75
aplazar,3.75
aprensión,3.75
apretar,3.75
arrostrar*,3.75
basurero,3.75
cacique,3.75
cansa,3.75
cardiovasculares,3.75
catapulta,3.75
cautividad,3.75
cerrada,3.75
col,3.75
coma,3.75
correa,3.75
cuartel,3.75
delirio,3.75
desguace,3.75
detención,3.75
detener,3.75
devorar,3.75
diluviar,3.75
disputar,3.75
eclesiástica,3.75
encarecimiento,3.75
escandalizar,3.75
escandaloso,3.75
esperar,3.75
estereotipo,3.75
extraño,3.75
fantasma,3.75
gobernante,3.75
golpista,3.75
hacha,3.75
impacto,3.75
inexistente,3.75
insulina,3.75
interponer,3.75
irrumpir,3.75
lento,3.75
limitar,3.75
moho,3.75
muralla,3.75
murmurar,3.75
nula,3.75
oponente,3.75
oponer,3.75
oscuridad,3.75
otrora*,3.75
partidista,3.75
penalización,3.75
penumbra,3.75
pobrecito,3.75
pulgón,3.75
querella,3.75
recelo,3.75
reclutar,3.75
residual,3.75
retroceso,3.75
saña,3.75
suplicante,3.75
taladro,3.75
vacilación,3.75
vacilo,3.75
democristiano,3.76
fuselaje,3.76
prevaricación,3.76
zurra,3.76
castrense,3.77
escisión,3.77
apraxia*,3.78
bestia,3.78
ejecución,3.78
litúrgico,3.78
viceministro,3.78
barullo,3.79
bulto,3.79
cuneta,3.79
desfalco*,3.79
entraña,3.79
espino,3.79
inconstitucional,3.79
nulidad,3.79
obstinación,3.79
populista,3.79
resiento,3.79
agotar,3.8
amurallado,3.8
barbaridad,3.8
bisturí,3.8
cabezazo,3.8
cadalso*,3.8
calvo,3.8
cargamento,3.8
chatarra,3.8
clero,3.8
contraofensiva,3.8
crítica,3.8
dejo,3.8
demora,3.8
derramar,3.8
derribar,3.8
descendente,3.8
desértico,3.8
disparada,3.8
eurodiputado,3.8
exije,3.8
falta,3.8
fimosis,3.8
haraposo,3.8
hediondo*,3.8
improbable,3.8
inmovilismo,3.8
innecesario,3.8
inspección,3.8
lodo,3.8
madrastra,3.8
militante,3.8
oculta,3.8
ogro,3.8
operador,3.8
operar,3.8
ordinario,3.8
pasivo,3.8
perseguir,3.8
porro,3.8
posponer,3.8
prematura,3.8
presa,3.8
reactor,3.8
recesión,3.8
rutina,3.8
seso,3.8
sotana,3.8
sustracción,3.8
taladrador,3.8
temerario,3.8
trepa,3.8
tributaria,3.8
hepática,3.81
ponzoña,3.82
procesionaria,3.82
áspero,3.83
búnker,3.83
merma,3.83
orina,3.83
termita,3.83
turbar,3.83
estaca,3.84
feudalismo,3.84
pleito,3.84
abrasador,3.85
acatar,3.85
adverso,3.85
alteración,3.85
anormal,3.85
apartar,3.85
aprieto,3.85
ausente,3.85
banca,3.85
bastón,3.85
borde,3.85
brutal,3.85
caería,3.85
comisaria,3.85
confusión,3.85
conspirar,3.85
controlador,3.85
demorar,3.85
desfiladero,3.85
desproporción,3.85
desregulación,3.85
enajenación,3.85
expulsa,3.85
gordo,3.85
grisáceo,3.85
humo,3.85
inamovible,3.85
incontrastable,3.85
juzgado,3.85
lanzallamas,3.85
metano,3.85
necesitar,3.85
pecado,3.85
picar,3.85
pocas,3.85
profano,3.85
púa,3.85
reclamar,3.85
recortada,3.85
reo,3.85
retirada,3.85
retirar,3.85
sarcófago,3.85
sediento,3.85
sobrecogido,3.85
sufragar,3.85
supersticioso,3.85
tirón,3.85
trabar,3.85
vacilar,3.85
vergüenza,3.85
vertido,3.85
impositivo,3.88
inefable*,3.88
lánguida,3.88
mausoleo,3.88
vil,3.88
achacar,3.89
desacato,3.89
enjambre,3.89
intromisión,3.89
muchedumbre,3.89
quebranto,3.89
viral,3.89
abejorro,3.9
abrumado,3.9
ácaro,3.9
acarrear,3.9
accidental,3.9
acechar,3.9
afectar,3.9
anular,3.9
armar,3.9
arremeter,3.9
atar,3.9
austeridad,3.9
barriga,3.9
basilisco,3.9
brujería,3.9
callejón,3.9
cardiaco,3.9
carestía,3.9
cigarro,3.9
comisaría,3.9
complejo,3.9
confesionario,3.9
copiado,3.9
corte,3.9
costra,3.9
desagües,3.9
descaro,3.9
desembolso,3.9
deshielo,3.9
dióxido,3.9
drástica,3.9
exijo,3.9
extrañeza,3.9
faena,3.9
feo,3.9
fulano,3.9
furtiva,3.9
generalísimo,3.9
gobernación,3.9
gusano,3.9
humareda,3.9
impugnar,3.9
incontestable,3.9
ingenuo,3.9
invocación,3.9
islamista,3.9
limosna,3.9
ministro,3.9
ofendería,3.9
pasividad,3.9
próstata,3.9
puño,3.9
rayo,3.9
recortar,3.9
regimiento,3.9
rival,3.9
romperé,3.9
rota,3.9
ruidosa,3.9
separatismo,3.9
severidad,3.9
sobrecarga,3.9
sobresalto,3.9
sofocar,3.9
suprimir,3.9
susceptibilidad,3.9
torpedo,3.9
trance,3.9
tributación,3.9
beligerante,3.92
desdén,3.92
asedio,3.93
burda,3.93
esconder,3.93
pavada,3.93
redención,3.93
bula,3.94
impasible,3.94
mella,3.94
omiso,3.94
tiña,3.94
aguja,3.95
álgebra,3.95
allanamiento,3.95
aplazamiento,3.95
apropiación,3.95
arzobispo,3.95
auxilio,3.95
bancario,3.95
calva,3.95
caprichoso,3.95
catecismo,3.95
choca,3.95
coto,3.95
criado,3.95
dentista,3.95
desbaratar,3.95
descomponer,3.95
desconocer,3.95
dificultoso,3.95
emigración,3.95
espantar,3.95
espinaca,3.95
esqueleto,3.95
estremecer,3.95
estridente,3.95
expirar,3.95
hoz,3.95
imperativo,3.95
incógnita,3.95
invocar,3.95
islamismo,3.95
jefe,3.95
mandatario,3.95
mina,3.95
ministra,3.95
miopía,3.95
morfina,3.95
mudar,3.95
obsoleto,3.95
perforar,3.95
perpetua,3.95
píldora,3.95
placas,3.95
pontificado,3.95
porra,3.95
prescindir,3.95
puntapié,3.95
quebrantahuesos,3.95
retumbar,3.95
revuelta,3.95
rígido,3.95
rudeza,3.95
sacerdocio,3.95
sebo,3.95
sucumbir,3.95
urgente,3.95
vado,3.95
viscosa,3.95
anhelo,3.98
sobresaltado,3.98
tieso,3.98
cieno,4.03
frío,4.03
aglomeración,4.05
alcaldía,4.05
apariencia,4.05
apresurar,4.05
arrojar,4.05
artillería,4.05
blanqueo,4.05
borrachera,4.05
brócoli,4.05
capullo,4.05
colateral,4.05
comandante,4.05
conformar,4.05
congénita,4.05
controlar,4.05
controversia,4.05
convalecencia,4.05
copiosa,4.05
demandante,4.05
descender,4.05
devolución,4.05
dictado,4.05
dictaminar,4.05
diligencia,4.05
disminuir,4.05
ejecutor,4.05
emigrar,4.05
entrecejo,4.05
ferocidad,4.05
fianza,4.05
glaciación,4.05
helada,4.05
impugnación,4.05
inconstitucionalidad,4.05
inhibición,4.05
intestinal,4.05
irregular,4.05
judicial,4.05
marrón,4.05
maza,4.05
milicia,4.05
misa,4.05
monarquía,4.05
muro,4.05
náufrago,4.05
oscurecer,4.05
pelotón,4.05
perplejidad,4.05
populismo,4.05
precipitaciones,4.05
racial,4.05
repite,4.05
ronca,4.05
sable,4.05
sirvienta,4.05
subclase,4.05
subrayar,4.05
superioridad,4.05
superstición,4.05
suplente,4.05
testarudo,4.05
transmutación,4.05
agravio,4.06
aspereza,4.06
lacayo,4.06
mandada,4.06
recrudecimiento,4.06
sismo,4.06
terraplén,4.06
transgresión,4.06
trinchador,4.06
tripartito,4.06
capellán,4.07
gueto,4.07
amianto*,4.08
ciempiés,4.08
diácono,4.08
loco,4.08
subfusil,4.08
taciturno,4.08
tedio,4.08
aseveración,4.09
alteza,4.1
amarillento,4.1
anestesia,4.1
atolladero,4.1
buitre,4.1
camilla,4.1
catolicismo,4.1
cero,4.1
chequeo,4.1
cigarrillo,4.1
coagulación,4.1
comunismo,4.1
condicionar,4.1
consagración,4.1
consentir,4.1
corrida,4.1
cuchicheo,4.1
culebra,4.1
deber,4.1
detrimento*,4.1
ejército,4.1
encarnación,4.1
enfrentar,4.1
enfriar,4.1
escalofrío,4.1
escarlatina,4.1
escorpión,4.1
fango,4.1
feudo,4.1
final,4.1
fragilidad,4.1
frenado,4.1
fuga,4.1
ilegítimo,4.1
imperialista,4.1
implante,4.1
incredulidad,4.1
ingenua,4.1
interferencia,4.1
jefatura,4.1
larva,4.1
lío,4.1
miocardio,4.1
mofeta,4.1
nacionalista,4.1
pasado,4.1
pellejo,4.1
pesar,4.1
pretexto,4.1
propenso,4.1
reemplazar,4.1
serpiente,4.1
sudor,4.1
susceptible,4.1
tirar,4.1
vacilante,4.1
vagar,4.1
vello,4.1
venda,4.1
viejo,4.1
vulnerar,4.1
deposición,4.11
impunidad,4.11
llamarada,4.11
marxista,4.11
quito,4.11
redundar,4.11
sedición*,4.11
trabuco,4.11
turbación,4.12
virrey,4.12
maraña,4.13
pugna,4.13
sacramentar,4.13
tsetse*,4.13
tumulto,4.13
mansedumbre,4.14
trinas*,4.14
acumulación,4.15
advertencia,4.15
ambigüedad,4.15
antecedente,4.15
apagón,4.15
arsenal,4.15
azufre,4.15
bandolero,4.15
borrosa,4.15
cabecilla,4.15
camposanto,4.15
cardíaco,4.15
cavar,4.15
caverna,4.15
coja,4.15
comparar,4.15
contraataque,4.15
copiar,4.15
desmantelamiento,4.15
despues,4.15
destitución,4.15
desuso,4.15
doctrinal,4.15
doña,4.15
eliminatoria,4.15
escarpia,4.15
espesa,4.15
evacuar,4.15
evaluación,4.15
evangélica,4.15
fiscalidad,4.15
flagelo,4.15
franja,4.15
gobernador,4.15
imparcial,4.15
impersonal,4.15
impreciso,4.15
involuntario,4.15
levantamiento,4.15
marfil,4.15
ministerio,4.15
morder,4.15
ninguno,4.15
obedeceré,4.15
partir,4.15
pecar,4.15
pisamierdas,4.15
plomo,4.15
precocidad,4.15
presunto,4.15
rechace,4.15
roedores,4.15
roer,4.15
rompe,4.15
senador,4.15
sonda,4.15
súbito,4.15
sudar,4.15
sulfúrico,4.15
tope,4.15
vicepresidencia,4.15
abstención,4.16
anhelar,4.16
plebe,4.16
vasallaje,4.16
verter,4.16
apostillar,4.17
clerecía,4.17
nihilismo,4.17
vacilaría,4.17
estupor,4.18
indiferente,4.18
ahuyentar,4.2
algebraica,4.2
algoritmo,4.2
ansioso,4.2
aritmética,4.2
arrebato,4.2
bonaerense*,4.2
cae,4.2
calla,4.2
capitalización,4.2
catalán,4.2
chinche,4.2
cojo,4.2
colitis,4.2
colon,4.2
condicionamiento,4.2
costear,4.2
costo,4.2
desafiar,4.2
desprender,4.2
difusa,4.2
diputación,4.2
dispersión,4.2
ego,4.2
ejecutar,4.2
empujar,4.2
encoger,4.2
escollo,4.2
espectral,4.2
estricto,4.2
fármaco,4.2
fregadero,4.2
fría,4.2
gas,4.2
gitana,4.2
gobernar,4.2
hervidero,4.2
ibis*,4.2
impenetrable,4.2
indeterminado,4.2
indiscriminada,4.2
interferir,4.2
irradiación,4.2
irrefutable,4.2
murmullo,4.2
negrura,4.2
ninguna,4.2
omitir,4.2
operando,4.2
papado,4.2
pisar,4.2
plegaria,4.2
préstamo,4.2
prosecución,4.2
provocar,4.2
radar,4.2
raer*,4.2
reja,4.2
restar,4.2
retroceder,4.2
sacerdote,4.2
seco,4.2
sugestión,4.2
suní*,4.2
tajante,4.2
trasplante,4.2
vacunación,4.2
vejiga,4.2
volcar,4.2
beatificación,4.21
catequista,4.21
convenido,4.21
cuesto,4.21
derrocamiento,4.21
esquiva,4.21
excarcelación,4.21
ilícito,4.21
interposición,4.21
serrar,4.21
sumir,4.21
improcedencia,4.22
obedecer,4.22
rubro*,4.22
halterofilia,4.23
lánguido,4.23
tormenta,4.23
bazooka,4.24
constrictor,4.24
gasoducto,4.24
incidental,4.24
mengua,4.24
abstener,4.25
ácido,4.25
aduana,4.25
aflicción,4.25
agarrado,4.25
alucinación,4.25
anarquista,4.25
anclaje,4.25
anzuelo,4.25
aplastante,4.25
aristócrata,4.25
arrancar,4.25
bibliografía,4.25
bicho,4.25
borrasca,4.25
casi,4.25
consecuencia,4.25
contabilidad,4.25
coronarias,4.25
cuervo,4.25
deshacer,4.25
disminución,4.25
doctrina,4.25
dureza,4.25
empujón,4.25
envidiable,4.25
estadista,4.25
estocada,4.25
estruendo,4.25
examinando,4.25
excéntrico,4.25
falaz,4.25
fantasmal,4.25
gasóleo,4.25
gélido,4.25
imperante,4.25
impío*,4.25
indiferencia,4.25
infiltración,4.25
inhibir,4.25
insistir,4.25
inspector,4.25
inventario,4.25
jurídico,4.25
kilo,4.25
kurdo*,4.25
lijadora,4.25
mandato,4.25
maniobrar,4.25
manutención,4.25
maquinar,4.25
medicamento,4.25
muela,4.25
obedezco,4.25
pagar,4.25
parche,4.25
parlamento,4.25
pelador,4.25
periodo,4.25
picadora,4.25
piratería,4.25
plástico,4.25
pontífice,4.25
precampaña,4.25
precipitación,4.25
predicar,4.25
priva,4.25
profecía,4.25
rara,4.25
repentina,4.25
resta,4.25
sacudir,4.25
semáforo,4.25
senado,4.25
sublevación,4.25
traslado,4.25
vacilaré,4.25
vegetativo,4.25
vicepresidenta,4.25
vilo,4.25
viola,4.25
callado,4.26
clérigo,4.26
condicionalidad,4.26
melodrama,4.26
populacho,4.26
banal,4.28
deponer,4.28
farol,4.28
termómetro,4.28
urgir,4.28
bretón,4.29
garzón,4.29
haragán*,4.29
incurrir,4.29
advertir,4.3
apagar,4.3
aristocracia,4.3
atrapar,4.3
aullido,4.3
basto,4.3
bíblico,4.3
cadencia,4.3
catastral,4.3
cometer,4.3
concejal,4.3
conservador,4.3
contienda,4.3
convenir,4.3
costar,4.3
cristo,4.3
cuesta,4.3
desactivar,4.3
desatascador,4.3
dispersa,4.3
dispersar,4.3
divulgación,4.3
duda,4.3
ebrio,4.3
especulativa,4.3
estanquero,4.3
estática,4.3
estigma,4.3
evangelio,4.3
exageración,4.3
examinar,4.3
exceder,4.3
exceso,4.3
fragmentación,4.3
generalizar,4.3
homilía,4.3
implantación,4.3
importe,4.3
imprevisto,4.3
incuestionable,4.3
inexperta,4.3
infanta,4.3
infantería,4.3
ingenuidad,4.3
ingestión,4.3
intemperie,4.3
inverosímil,4.3
iraquí,4.3
juicioso,4.3
límite,4.3
mandado,4.3
opositor,4.3
ortodoxa,4.3
paquistaní,4.3
pareceré,4.3
patriótico,4.3
pendiente,4.3
peso,4.3
polvo,4.3
presidente,4.3
presupuestaria,4.3
pulmonar,4.3
quizás,4.3
rebeldía,4.3
reglamento,4.3
regresión,4.3
religioso,4.3
remolacha,4.3
replicar,4.3
resonancia,4.3
sacramento,4.3
servir,4.3
simplista,4.3
sintagma,4.3
soberanía,4.3
superiora,4.3
teniente,4.3
toro,4.3
urraca,4.3
vara,4.3
verja,4.3
zanja,4.3
angosta,4.31
inusitada,4.31
queroseno,4.31
socavar,4.31
aguafuerte,4.32
espécimen,4.32
federalista,4.32
hereje,4.32
iglesia,4.32
pescuezo,4.32
propano,4.32
rabino,4.32
renal,4.32
sesgo,4.32
banco,4.33
bruces,4.33
candente,4.33
cápita,4.33
deán*,4.33
desafuero*,4.33
gravamen*,4.33
hegemonía,4.33
ignominia*,4.33
imponible,4.33
injerencia*,4.33
napa*,4.33
nudo,4.33
ostentar,4.33
pira*,4.33
santoral,4.33
vasto,4.33
abolición,4.35
acreedor,4.35
agitación,4.35
alerta,4.35
alistar,4.35
anal,4.35
arrepentimiento,4.35
autopista,4.35
bajada,4.35
bajar,4.35
borrar,4.35
burguesía,4.35
cierro,4.35
compleja,4.35
coño,4.35
crujido,4.35
cuestionamiento,4.35
culata,4.35
descartar,4.35
descenso,4.35
desnivel,4.35
detengo,4.35
dieta,4.35
dimisión,4.35
domador,4.35
domesticación,4.35
echar,4.35
erupción,4.35
espiga,4.35
etiquetado,4.35
exagerar,4.35
exigencia,4.35
exigiré,4.35
falla,4.35
fiscalía,4.35
granizo,4.35
hinchada,4.35
idolatría,4.35
inconsciencia,4.35
incubación,4.35
inercia,4.35
interrogante,4.35
irreal,4.35
irrenunciable,4.35
islámico,4.35
lanzadera,4.35
marquesa,4.35
mínimo,4.35
murciélago,4.35
ningún,4.35
obedece,4.35
opaco,4.35
oración,4.35
padrastro,4.35
pakistaní,4.35
palestina,4.35
papal,4.35
plutonio,4.35
poligonal,4.35
prefabricada,4.35
propagar,4.35
quite,4.35
rebote,4.35
reclamada,4.35
religiosidad,4.35
repito,4.35
satírico,4.35
secano,4.35
serrucho,4.35
subsidio,4.35
tampoco,4.35
torrente,4.35
vertiginosa,4.35
letargo,4.36
lóbrego*,4.36
retén,4.36
violón,4.36
aditivo,4.37
ambigua,4.37
bayeta,4.37
burocracia,4.37
califato,4.37
fiscal,4.37
picador,4.37
puntiaguda,4.37
sinagoga,4.37
vano,4.37
asestar,4.38
corva,4.38
insecto,4.38
logia*,4.38
menar*,4.38
nublado,4.38
picón,4.38
subversivo*,4.38
emirato,4.39
escalinata,4.39
escondería,4.39
acritud,4.4
adversario,4.4
agujero,4.4
aislante,4.4
alambre,4.4
alertar,4.4
analítica,4.4
antiglobalización,4.4
arenisca,4.4
baba,4.4
bruja,4.4
buque,4.4
butano,4.4
calima,4.4
capturar,4.4
carnicero,4.4
causante,4.4
cautivo,4.4
cemento,4.4
centralista,4.4
cerraría,4.4
circunvalación,4.4
competidor,4.4
cómplice,4.4
conglomerado,4.4
contrincante,4.4
crucifijo,4.4
cruz,4.4
cuántica,4.4
cuatrimestre,4.4
desapercibido,4.4
desliz,4.4
devolver,4.4
diáspora*,4.4
dictar,4.4
dirigente,4.4
disparate,4.4
distraer,4.4
divisoria,4.4
efímero,4.4
empresariales,4.4
endurecimiento,4.4
envergadura,4.4
esquivar,4.4
estrecho,4.4
etiqueta,4.4
evasión,4.4
exhausto,4.4
extradición,4.4
extremo,4.4
faja,4.4
federalismo,4.4
férrea,4.4
fierro,4.4
formulación,4.4
fricción,4.4
gallinero,4.4
geométrica,4.4
gótica,4.4
grillo,4.4
guindilla,4.4
imperialismo,4.4
infante,4.4
ladrido,4.4
legislador,4.4
mandar,4.4
matriz,4.4
minera,4.4
minero,4.4
mudanza,4.4
novicia,4.4
operadora,4.4
parezco,4.4
parlamentario,4.4
parón,4.4
patrullar,4.4
perito,4.4
plazo,4.4
pornografía,4.4
precio,4.4
rebasar,4.4
rebelión,4.4
requerimiento,4.4
ritual,4.4
sedimento,4.4
señorito,4.4
sulfato,4.4
sustitución,4.4
sustituto,4.4
torcer,4.4
trueno,4.4
vaciar,4.4
vencimiento,4.4
yacer,4.4
yodo,4.4
mordaz,4.41
parca,4.41
redimir,4.41
superfluo,4.41
cal,4.42
cardo,4.42
ceño,4.42
circundar,4.42
congrio*,4.42
contraprestación,4.42
corregimiento,4.42
cúmulo,4.42
díos,4.42
encíclica,4.42
fluctuación,4.42
moratoria,4.42
pender,4.42
rinconera,4.42
soviético,4.42
efigie*,4.43
oriundo*,4.43
trolebús*,4.43
usura*,4.43
alguacil,4.44
antitanque,4.44
apelante,4.44
aseverar,4.44
clerical,4.44
comandancia,4.44
contencioso,4.44
escaramuza,4.44
expiatorio,4.44
jurisconsulto*,4.44
presbiterio*,4.44
quimera,4.44
tacha,4.44
vástago,4.44
abordaje,4.45
acuse,4.45
aglomerado,4.45
aglutinar,4.45
alambrado,4.45
arar,4.45
caimán,4.45
candidatura,4.45
captura,4.45
cardiovascular,4.45
cartilla,4.45
cervical,4.45
cisterna,4.45
conservadurismo,4.45
contención,4.45
costaría,4.45
declinar,4.45
decretar,4.45
delimitar,4.45
devaluación,4.45
discrepancia,4.45
empeñar,4.45
empuñadura,4.45
escayolista,4.45
estatal,4.45
estirpe,4.45
fiscalización,4.45
fruncir,4.45
gasolinera,4.45
gravedad,4.45
humeante,4.45
indagación,4.45
interrogar,4.45
invariable,4.45
irrelevante,4.45
jesuita,4.45
lidiar,4.45
matear*,4.45
mercurio,4.45
meteorito,4.45
monaguillo,4.45
multitud,4.45
odontólogo,4.45
opacidad,4.45
parroquial,4.45
patriarcal,4.45
perezoso,4.45
pero,4.45
perplejo,4.45
pozo,4.45
prender,4.45
presuponer,4.45
propaganda,4.45
químico,4.45
radiólogo,4.45
reducir,4.45
regionalismo,4.45
rehusar,4.45
réplica,4.45
reportar,4.45
reptil,4.45
requisito,4.45
santidad,4.45
segregación,4.45
semestre,4.45
sucursal,4.45
sustituir,4.45
tesorero,4.45
tonelada,4.45
trimestre,4.45
tromba,4.45
tropa,4.45
vena,4.45
vicepresidente,4.45
balido,4.46
cernícalo,4.46
marquesado,4.46
archiduque,4.47
arrendatario,4.47
chamán,4.47
computacional,4.47
condesa,4.47
condescendencia,4.47
credo,4.47
disparidad,4.47
minorista,4.47
ociosidad,4.47
reflujo,4.47
resiente,4.47
rudo,4.47
techumbre,4.47
tímido,4.48
abogado,4.5
abrupto,4.5
accionarial,4.5
acuciante*,4.5
aguacero,4.5
aguardiente,4.5
alcaide,4.5
altivez,4.5
antagonismo,4.5
apuesta,4.5
arbitraria,4.5
arrojo,4.5
atestiguar,4.5
berilio,4.5
cambiante,4.5
capilla,4.5
carajo,4.5
cargar,4.5
cebo,4.5
cerda,4.5
cese,4.5
cierre,4.5
clandestina,4.5
cloruro,4.5
cocodrilo,4.5
cola,4.5
colgar,4.5
comisión,4.5
complejidad,4.5
coñac,4.5
conformidad,4.5
contragolpe,4.5
contraparte,4.5
contraposición,4.5
corto,4.5
costaré,4.5
cotilleo,4.5
crujir,4.5
cruzada,4.5
descabello,4.5
después,4.5
desvío,4.5
detiene,4.5
economía,4.5
económicas,4.5
ecuación,4.5
edicto,4.5
epistolar,4.5
espía,4.5
estragar,4.5
eucaristía,4.5
excavadora,4.5
expediente,4.5
extrema,4.5
filo,4.5
grúa,4.5
hebreo,4.5
hiato,4.5
hincar,4.5
huelga,4.5
indecible,4.5
inhalación,4.5
inmigración,4.5
inquieto,4.5
inspeccionar,4.5
israelí,4.5
lanza,4.5
legislar,4.5
medular,4.5
momentánea,4.5
monarca,4.5
monárquico,4.5
monja,4.5
nicho,4.5
obediencia,4.5
objetar,4.5
ocupar,4.5
ontología,4.5
ordenanza,4.5
oxido,4.5
paleta,4.5
panza,4.5
pediré,4.5
pido,4.5
populares,4.5
pornográfico,4.5
primitivo,4.5
protestantismo,4.5
radiografía,4.5
recio,4.5
regular,4.5
remolcador,4.5
resto,4.5
revuelo,4.5
rezo,4.5
rodeo,4.5
secundario,4.5
señorío,4.5
sobrenombre,4.5
subordinada,4.5
suplantar,4.5
sustraer,4.5
telefonista,4.5
teología,4.5
tripa,4.5
troncal,4.5
unitario,4.5
urólogo,4.5
visir*,4.5
altivo,4.53
augusto,4.53
barracuda,4.53
benceno,4.53
colegiata,4.53
comparecencia,4.53
descolonización,4.53
dirigencia,4.53
disidencia*,4.53
franciscano,4.53
hipertexto,4.53
intendencia,4.53
marejadilla,4.53
obviar,4.53
pecaminoso,4.53
preponderante,4.53
rectitud,4.53
secesión,4.53
uranio,4.53
abadesa,4.54
cierne,4.54
hulla,4.54
insurgente,4.54
masón,4.54
masonería,4.54
sopor,4.54
absorción,4.55
acometer,4.55
alquiler,4.55
ano,4.55
aprovechar,4.55
artefacto,4.55
atrás,4.55
badén,4.55
bajito,4.55
bate,4.55
bautismal,4.55
bestial,4.55
boxeador,4.55
candado,4.55
catalogar,4.55
católico,4.55
cebolla,4.55
colonialismo,4.55
colonización,4.55
comparativo,4.55
comunista,4.55
copia,4.55
cuerno,4.55
cuestionar,4.55
custodia,4.55
derecha,4.55
derrocar,4.55
derrotar,4.55
descontado,4.55
desplazar,4.55
desviar,4.55
detenimiento,4.55
detrás,4.55
dietista,4.55
diligente,4.55
dinastía,4.55
directorio,4.55
discontinuidad,4.55
disolución,4.55
disuasión,4.55
empotrado,4.55
entramado,4.55
estío,4.55
evangelización,4.55
excesiva,4.55
exigiría,4.55
exponer,4.55
fiera,4.55
frenar,4.55
gancho,4.55
gasolinero,4.55
imprimir,4.55
industriales,4.55
inmaterial,4.55
inserta,4.55
intervención,4.55
intriga,4.55
involucrar,4.55
iraní,4.55
jarabe,4.55
ladrillo,4.55
larguísima,4.55
manosear,4.55
mazo,4.55
mechero,4.55
moro,4.55
movida,4.55
muda,4.55
oportunista,4.55
paradero,4.55
peludo,4.55
perímetro,4.55
petróleo,4.55
picaflor,4.55
polinomio,4.55
poquito,4.55
precoz,4.55
profana,4.55
protesta,4.55
rector,4.55
redundancia,4.55
reencarnación,4.55
refinería,4.55
reglamentar,4.55
reglamentario,4.55
religión,4.55
renta,4.55
retar,4.55
retrete,4.55
sacerdotisa,4.55
subdividir,4.55
tabasco,4.55
tapadera,4.55
tasa,4.55
teólogo,4.55
terrateniente,4.55
trámite,4.55
turbina,4.55
unifamiliar,4.55
urna,4.55
vigilancia,4.55
vuelco,4.55
vulgo*,4.55
zinc,4.55
acervo*,4.56
aval,4.56
basilical,4.56
bastión*,4.56
coronario,4.56
escaño,4.56
gerontología,4.56
insular,4.56
insurrección,4.56
mundano,4.56
ornamentación,4.56
regente,4.56
taxonómica,4.56
voracidad,4.56
alabarda*,4.57
alcista*,4.57
americio*,4.57
entrabar,4.57
lugarteniente,4.57
monema,4.57
púlpito,4.57
terna*,4.57
trincha,4.57
triunvirato*,4.57
violero*,4.57
ahondar,4.58
comando,4.58
cónclave,4.58
congresista,4.58
contingencia,4.58
costumbrista,4.58
elegía,4.58
encarar,4.58
escueto,4.58
flotilla,4.58
fungir,4.58
haza*,4.58
indulto,4.58
inminente,4.58
istmo,4.58
martillo,4.58
meacamas,4.58
mitin,4.58
perpetuidad,4.58
propinar,4.58
prospecto,4.58
puerro,4.58
regidor,4.58
secretar,4.58
sirio,4.58
sopesar,4.58
subgénero,4.58
suplir,4.58
tajo,4.58
derogar,4.59
estamento,4.59
ínfima,4.59
jurisprudencia,4.59
legua,4.59
paganismo,4.59
pillaje,4.59
administración,4.6
afrenta,4.6
alcaldesa,4.6
alcantarillado,4.6
alfiler,4.6
alienígena,4.6
anarquismo,4.6
apostólica,4.6
atómica,4.6
aviso,4.6
ayuntamiento,4.6
ballesta,4.6
barcelonés,4.6
bolchevique,4.6
cálculo,4.6
carburante,4.6
católica,4.6
cerco,4.6
comparable,4.6
competición,4.6
congelar,4.6
cristales,4.6
cuestionable,4.6
derivar,4.6
desafiante,4.6
desmontar,4.6
despachar,4.6
detendría,4.6
diocesano,4.6
dios,4.6
directiva,4.6
directivo,4.6
dividir,4.6
electoral,4.6
ensanche,4.6
escondidas,4.6
escondo,4.6
espesor,4.6
estrecha,4.6
etiquetas,4.6
eufemismo,4.6
excavar,4.6
fijar,4.6
filtración,4.6
financiamiento,4.6
finito,4.6
fronteriza,4.6
futbolística,4.6
gasa,4.6
hincha,4.6
impactante,4.6
imparcialidad,4.6
impensable,4.6
inalienable,4.6
inclinar,4.6
individualista,4.6
industrialización,4.6
ineludible,4.6
inseminación,4.6
irreprochable,4.6
judías,4.6
jurídicas,4.6
lava,4.6
legión,4.6
legislatura,4.6
magrebí,4.6
manufacturera,4.6
mutante,4.6
nomenclatura,4.6
noveno,4.6
nubosidad,4.6
pico,4.6
piramidal,4.6
pontificia,4.6
postulado,4.6
pretensión,4.6
proletariado,4.6
raro,4.6
ratones,4.6
recto,4.6
refracción,4.6
refriega,4.6
replicación,4.6
requerir,4.6
reverencia,4.6
riesgo,4.6
rodear,4.6
rodio*,4.6
rotundo,4.6
rugido,4.6
sanguíneo,4.6
señorial,4.6
sobrante,4.6
sótano,4.6
subdivisión,4.6
subsiguiente,4.6
subsuelo,4.6
suficiencia,4.6
sumario,4.6
supone,4.6
susodicho,4.6
tarifa,4.6
tendón,4.6
tirante,4.6
trabajoso,4.6
tratamiento,4.6
tuberías,4.6
vaporeta,4.6
vigilar,4.6
voltaje,4.6
bruma,4.61
emplazar,4.61
gorrino,4.61
pinzón,4.61
rocoso,4.61
vicario,4.61
exhortar,4.62
oleoducto,4.62
pueril,4.62
armazón,4.63
bosnio,4.63
brida,4.63
capón,4.63
carguero,4.63
cetro,4.63
chicharra,4.63
colono,4.63
crediticia*,4.63
demarcación,4.63
diábolo,4.63
estremecerse,4.63
grava,4.63
inflexión,4.63
inquirir,4.63
insondable,4.63
intersección,4.63
lucro,4.63
moción,4.63
palestra,4.63
paramilitar,4.63
pausado,4.63
peón,4.63
prerrogativa,4.63
rebuznar,4.63
revertir,4.63
seminarista,4.63
telurio*,4.63
trémula*,4.63
cadmio,4.64
emir,4.64
estatutaria,4.64
gravar,4.64
tropel,4.64
abolir,4.65
afeitar,4.65
alcalde,4.65
alga,4.65
alquilar,4.65
aluvión,4.65
anonimato,4.65
anónimo,4.65
anterioridad,4.65
aparte,4.65
apretón,4.65
aprovisionamiento,4.65
apurar,4.65
astillero,4.65
binomio,4.65
bocina,4.65
broca,4.65
bucle,4.65
burguesa,4.65
bus,4.65
cancillería,4.65
catre,4.65
cerraré,4.65
chapa,4.65
cigarra,4.65
citación,4.65
cláusula,4.65
clavo,4.65
colmena,4.65
compresor,4.65
conjurar,4.65
conversión,4.65
córner,4.65
densidad,4.65
descentralización,4.65
detector,4.65
devoto,4.65
diagrama,4.65
discípulo,4.65
disipación,4.65
dispar,4.65
división,4.65
dueño,4.65
duro,4.65
embriaguez,4.65
emigrante,4.65
empatar,4.65
empresarial,4.65
endurecer,4.65
evaporación,4.65
excedente,4.65
fanático,4.65
ficticio,4.65
filtrado,4.65
formalismo,4.65
furgón,4.65
gasta,4.65
gerundio,4.65
hemoglobina,4.65
hígado,4.65
hojalata,4.65
humedad,4.65
iguana,4.65
impetuoso,4.65
imponente,4.65
incitar,4.65
indiscutible,4.65
informe,4.65
insistente,4.65
intangible,4.65
jubilado,4.65
judaísmo,4.65
jurisprudencial,4.65
laberinto,4.65
ley,4.65
majestad,4.65
metafísica,4.65
misticismo,4.65
morfología,4.65
morro,4.65
municipal,4.65
notoriedad,4.65
nuboso,4.65
oportunismo,4.65
opuesto,4.65
pasadizo,4.65
pediría,4.65
persuadir,4.65
polaridad,4.65
presupuesto,4.65
procesional,4.65
propagación,4.65
reclamo,4.65
recogida,4.65
relámpago,4.65
rendija,4.65
rey,4.65
rudimentaria,4.65
sarcástico,4.65
seleccionador,4.65
sexta,4.65
silenciar,4.65
subfamilia,4.65
subteniente,4.65
sufragio,4.65
suponer,4.65
talla,4.65
tapar,4.65
tarea,4.65
telenovela,4.65
temprana,4.65
territorial,4.65
torsión,4.65
tribuna,4.65
urbanística,4.65
varianza,4.65
varilla,4.65
yanqui,4.65
zapatero,4.65
zar,4.65
canonización,4.67
charro*,4.67
coadjutor*,4.67
diseminación,4.67
edil*,4.67
fisión,4.67
gaélico*,4.67
mastaba*,4.67
noroccidental,4.67
nuncio*,4.67
predio*,4.67
reseñar,4.67
rotundidad,4.67
selenio,4.67
veda,4.67
añadidura,4.68
anímico,4.68
autobús,4.68
circunscripción,4.68
combativo,4.68
designio,4.68
distensión,4.68
institucionalización,4.68
jurisdiccional,4.68
mongol,4.68
ponente,4.68
predecesor,4.68
pretérito,4.68
regencia,4.68
reprobación,4.68
sectorial,4.68
sulfuro,4.68
vascular,4.68
afgano,4.69
bario,4.69
crucería,4.69
desinencia,4.69
estrépito,4.69
francio,4.69
harén,4.69
loneta,4.69
nodo,4.69
plusvalía,4.69
socava,4.69
vocero,4.69
abejas,4.7
absorbente,4.7
acumular,4.7
aguantar,4.7
albañil,4.7
alegación,4.7
ambicioso,4.7
analizado,4.7
anónima,4.7
anticiclón,4.7
armadura,4.7
arrendadas,4.7
artillero,4.7
atenerse,4.7
biblia,4.7
bosnia,4.7
capote,4.7
carbón,4.7
carbono,4.7
combustible,4.7
condensación,4.7
consejería,4.7
cráter,4.7
dardo,4.7
declinación,4.7
decreto,4.7
densa,4.7
desbordante,4.7
desdoblamiento,4.7
drenaje,4.7
duquesa,4.7
ecuador,4.7
embudo,4.7
encubierta,4.7
entredicho,4.7
errante,4.7
esófago,4.7
especular,4.7
espionaje,4.7
estadística,4.7
exhibir,4.7
falange,4.7
fémur,4.7
fragmento,4.7
freno,4.7
fundición,4.7
garra,4.7
hereditario,4.7
hormigonera,4.7
húmedo,4.7
implicar,4.7
indirecto,4.7
inevitable,4.7
inexplicable,4.7
ingente,4.7
inmutable,4.7
insoluble,4.7
interrogación,4.7
iré,4.7
ironizar,4.7
lecho,4.7
ligamento,4.7
lija,4.7
lineal,4.7
luego,4.7
mandé,4.7
marchar,4.7
marioneta,4.7
masa,4.7
masiva,4.7
materialización,4.7
mediático,4.7
microprocesador,4.7
minoría,4.7
momia,4.7
nómada,4.7
obedecería,4.7
oblicua,4.7
oradora,4.7
oruga,4.7
osadía,4.7
pastoral,4.7
pelar,4.7
período,4.7
pesas,4.7
piratear,4.7
policía,4.7
ponderación,4.7
predominio,4.7
principado,4.7
psiquiatra,4.7
regir,4.7
religiosa,4.7
remolino,4.7
reservado,4.7
revocación,4.7
revolución,4.7
ruedo,4.7
saco,4.7
santuario,4.7
sardina,4.7
servidor,4.7
silicio,4.7
sintáctica,4.7
sistema,4.7
subcomandante,4.7
subida,4.7
sumergir,4.7
taladradora,4.7
tecno,4.7
testigo,4.7
tomo,4.7
tramitación,4.7
transcribir,4.7
trapos,4.7
trimestral,4.7
unilateral,4.7
uno,4.7
vaivén,4.7
velar,4.7
venerar,4.7
versículo,4.7
viga,4.7
vinagre,4.7
voltear,4.7
abad,4.71
atañer,4.71
bidé,4.71
blasón*,4.71
chiquero*,4.71
estero*,4.71
etano,4.71
fetiche,4.71
inflorescencia,4.71
litigio*,4.71
nanosegundo,4.71
rayón,4.71
corneta,4.72
coyuntura,4.72
cuasi,4.72
emplazamiento,4.72
imperar,4.72
inexorable,4.72
inherente,4.72
magma,4.72
novicio,4.72
oligarquía,4.72
pericial,4.72
tapia,4.72
vector,4.72
ambición,4.73
argolla,4.73
cabildo*,4.73
capita,4.73
capitalino,4.73
distar,4.73
escéptico,4.73
éster,4.73
estragón,4.73
micropana,4.73
rococó,4.73
sestercios*,4.73
allanar,4.74
distrito,4.74
endocrinología,4.74
escudería,4.74
estipular,4.74
etanol,4.74
expedir,4.74
ministerial,4.74
municipalidad,4.74
novillo,4.74
propugnar,4.74
sexenio,4.74
subpresidente,4.74
sultán,4.74
abeja,4.75
aflojar,4.75
agachar,4.75
alboroto,4.75
anestesista,4.75
anexo,4.75
anterior,4.75
aparato,4.75
apelativo,4.75
apéndice,4.75
arrepentido,4.75
automatismo,4.75
baronía,4.75
barrer,4.75
barricada,4.75
bazo,4.75
bimestre,4.75
bizarro,4.75
bolsa,4.75
calado,4.75
califa,4.75
carretero,4.75
charco,4.75
cloro,4.75
coartada,4.75
comadreja,4.75
cometido,4.75
competir,4.75
concluyente,4.75
consumo,4.75
contener,4.75
contracción,4.75
cuclillas,4.75
culturismo,4.75
decibelios,4.75
dentadura,4.75
deprisa,4.75
desaceleración,4.75
diferir,4.75
diplomático,4.75
diques,4.75
disertación,4.75
disociación,4.75
distracción,4.75
domar,4.75
electrodo,4.75
eludir,4.75
empuje,4.75
engranaje,4.75
engrosar,4.75
ensenada*,4.75
estómago,4.75
evidenciar,4.75
fila,4.75
flecha,4.75
fosfato,4.75
fraile,4.75
freidora,4.75
gasoil,4.75
gasolina,4.75
general,4.75
ginecólogo,4.75
hendidura,4.75
herrero,4.75
herviría,4.75
hondo,4.75
hormigón,4.75
hueca,4.75
implantar,4.75
impredecible,4.75
indulgente,4.75
ingeniería,4.75
ininterrumpida,4.75
inmigrante,4.75
institucional,4.75
insurgencia,4.75
jeque,4.75
kilogramo,4.75
larga,4.75
liquidar,4.75
mancomunidad,4.75
mecanizado,4.75
merced,4.75
napoleónica,4.75
nitrato,4.75
noventa,4.75
objeción,4.75
oficinas,4.75
oratorio,4.75
otro,4.75
parece,4.75
patriota,4.75
polígono,4.75
porqué,4.75
posterior,4.75
presunción,4.75
procesal,4.75
promulgar,4.75
protestante,4.75
protestar,4.75
provocador,4.75
ráfaga,4.75
rampa,4.75
rastro,4.75
recado,4.75
recambio,4.75
rehacer,4.75
remover,4.75
res,4.75
restante,4.75
revuelto,4.75
rubor,4.75
rugir,4.75
santa,4.75
semestral,4.75
séquito,4.75
siderurgia,4.75
subcoronel,4.75
suboficial,4.75
supondría,4.75
supongo,4.75
tabernáculo*,4.75
tarde,4.75
tijeras,4.75
toga,4.75
tópico,4.75
trinchante,4.75
túmulo,4.75
ultranza,4.75
valeriana,4.75
vertebral,4.75
yugoslavo,4.75
alcayata,4.76
frac,4.76
fuero,4.76
institutriz,4.76
intendente,4.76
pertenecería,4.76
arrabal,4.77
dicción,4.77
encomendero,4.77
espetar,4.77
setiembre,4.77
aduanera,4.78
anatema*,4.78
aplacar,4.78
babor,4.78
camión,4.78
conque*,4.78
descalzadora,4.78
flacura,4.78
hondura,4.78
industria,4.78
inferir,4.78
inmemorial,4.78
mancebo*,4.78
remanente*,4.78
suscitar,4.78
tientas,4.78
virgen,4.78
aprisa,4.79
ardua,4.79
azada,4.79
cautelar,4.79
cesión,4.79
chicha,4.79
decámetro,4.79
doblez,4.79
emisario,4.79
esotérico,4.79
fetichismo,4.79
impune,4.79
indulgencia,4.79
legionario,4.79
mosquita,4.79
ontológico,4.79
plana,4.79
porcentual,4.79
presagiar,4.79
resorte,4.79
sabiendas,4.79
secular,4.79
semanario,4.79
sindical,4.79
siquiera,4.79
subyacente,4.79
turba,4.79
vectorial,4.79
abalanzar,4.8
abdicar,4.8
abogacía,4.8
acortar,4.8
acuñado,4.8
aferrar,4.8
agarre,4.8
alcachofa,4.8
alicates,4.8
alusión,4.8
amén,4.8
anarquía,4.8
aparente,4.8
apóstol,4.8
arbitrariedad,4.8
asimétrica,4.8
astrofísica,4.8
avalar,4.8
baronesa,4.8
barranca,4.8
barrido,4.8
bereber,4.8
borraja,4.8
bovino,4.8
cantera,4.8
caparazón,4.8
carabina,4.8
cerdo,4.8
chiflado,4.8
cierra,4.8
circuito,4.8
circulante,4.8
coalición,4.8
cochera,4.8
cochinilla,4.8
colonial,4.8
comisario,4.8
competencia,4.8
consulado,4.8
corrección,4.8
cristiana,4.8
cristianismo,4.8
cupo,4.8
debido,4.8
demasiado,4.8
desechar,4.8
desencadenar,4.8
designación,4.8
desmantelar,4.8
dirimir*,4.8
disimular,4.8
disuadir,4.8
divulgar,4.8
documentación,4.8
domo,4.8
economista,4.8
emisión,4.8
emperador,4.8
encuesta,4.8
escalafón,4.8
escoba,4.8
esconderé,4.8
estatuto,4.8
figurar,4.8
frailes,4.8
generalidad,4.8
gerente,4.8
goteo,4.8
gótico,4.8
grueso,4.8
habría,4.8
herviré,4.8
hijastro,4.8
hueco,4.8
impactar,4.8
inconsciente,4.8
interna,4.8
inversa,4.8
jubilación,4.8
judicatura,4.8
jurar,4.8
jurisdicción,4.8
lacustre*,4.8
legislativo,4.8
limítrofe,4.8
manteca,4.8
maxilar,4.8
médula,4.8
migración,4.8
mol,4.8
moler,4.8
mucosa,4.8
nasal,4.8
notario,4.8
noticiero,4.8
octava,4.8
ocultista,4.8
orejas,4.8
óxido,4.8
palestino,4.8
páncreas,4.8
parcial,4.8
patriotismo,4.8
prusiano,4.8
rastreo,4.8
repercusión,4.8
revés,4.8
ruleta,4.8
rumano,4.8
semántica,4.8
siluro,4.8
simulación,4.8
subsistema,4.8
subsistemas,4.8
supervisor,4.8
teletexto,4.8
tenaza,4.8
tijera,4.8
todopoderoso,4.8
tonel,4.8
torbellino,4.8
tubería,4.8
urbanidad,4.8
utilizo,4.8
valla,4.8
vestigio,4.8
volcánica,4.8
zaguán*,4.8
gruta,4.81
pella,4.81
piqueta,4.81
advocación*,4.82
coloso,4.82
computación,4.82
destacamento,4.82
fisonomía,4.82
franquear,4.82
incumbir,4.82
mercadotecnia,4.82
micra,4.82
recato,4.82
torreta,4.82
bismuto,4.83
boro,4.83
conjetura,4.83
consorte,4.83
dina*,4.83
ecléctico,4.83
éxodo,4.83
hierro,4.83
lapso,4.83
lidia,4.83
octavilla,4.83
prelado*,4.83
providencia,4.83
providencial,4.83
radicar,4.83
reginas*,4.83
vehemencia,4.83
apremio,4.84
arteria,4.84
bastar,4.84
censo,4.84
cobalto,4.84
conformación,4.84
dogma,4.84
jaque,4.84
lía,4.84
manojo,4.84
portar,4.84
puchero,4.84
quietud,4.84
reojo,4.84
revocar,4.84
señoría,4.84
soldadora,4.84
subyacer,4.84
sufijo,4.84
tentativa,4.84
ventral,4.84
visón,4.84
abajo,4.85
absoluto,4.85
academia,4.85
agente,4.85
agudo,4.85
alcohol,4.85
alfabético,4.85
allá,4.85
ancla,4.85
antena,4.85
antonomasia,4.85
arrendamiento,4.85
asistencial,4.85
aullar,4.85
autogobierno,4.85
barro,4.85
bifurcación,4.85
binario,4.85
bombardino,4.85
búfalo,4.85
calculadora,4.85
calzada,4.85
carnicería,4.85
cerrojo,4.85
chapas,4.85
clonación,4.85
cogida,4.85
cogido,4.85
compuerta,4.85
consumidor,4.85
contador,4.85
convocatoria,4.85
crucial,4.85
cuestionario,4.85
curvatura,4.85
decimal,4.85
dental,4.85
departamental,4.85
desconexión,4.85
desfase,4.85
deslizamiento,4.85
detección,4.85
diagnosticar,4.85
diferencial,4.85
dilatación,4.85
dinástica,4.85
enana,4.85
encargue,4.85
entidad,4.85
epicentro,4.85
epitelio,4.85
ermitaño,4.85
escrupuloso,4.85
escuadrón,4.85
estándar,4.85
exponencial,4.85
exposición,4.85
facto,4.85
fenomenología,4.85
financiera,4.85
franco,4.85
generalización,4.85
gentío,4.85
geológicas,4.85
global,4.85
guaraní,4.85
iceberg,4.85
imperceptible,4.85
imperiosa,4.85
incesante,4.85
independentista,4.85
indolente,4.85
inducción,4.85
inducir,4.85
infundir,4.85
instrucciones,4.85
juro,4.85
justificar,4.85
losa,4.85
manganeso,4.85
meca,4.85
monografía,4.85
montículo,4.85
nervio,4.85
niebla,4.85
novato,4.85
numérica,4.85
ocre,4.85
octavo,4.85
orca,4.85
ornamento,4.85
pantano,4.85
parar,4.85
pasillo,4.85
patronato,4.85
peruano,4.85
pimiento,4.85
piqué,4.85
plancha,4.85
portador,4.85
preceder,4.85
provisional,4.85
prueba,4.85
pudor,4.85
punto,4.85
quizá,4.85
recalcar,4.85
recurrir,4.85
reglamentación,4.85
reiniciar,4.85
segmentación,4.85
sellar,4.85
seminario,4.85
senadora,4.85
serviría,4.85
siderúrgica,4.85
sien,4.85
sirvo,4.85
soplete,4.85
subdirector,4.85
subsahariana,4.85
subsecretario,4.85
suposición,4.85
surcoreano,4.85
suspirar,4.85
tangente,4.85
tendero,4.85
teorema,4.85
terciario,4.85
terminación,4.85
típico,4.85
topo,4.85
tracto,4.85
treintena,4.85
trinidad,4.85
tuerca,4.85
turbante,4.85
ucrania,4.85
vampiro,4.85
vigencia,4.85
volcán,4.85
voraz,4.85
yeso,4.85
dragaminas*,4.86
mantillo,4.86
marengo*,4.86
preste,4.86
sódico,4.86
balda,4.87
derogación,4.87
fardo,4.87
ha,4.87
incursión,4.87
irrigación,4.87
palometa,4.87
profusión,4.87
serranía,4.87
sor,4.87
subsidiaria,4.87
tinción,4.87
tosca,4.87
algarabía,4.88
augurar,4.88
azulgrana,4.88
comitiva,4.88
decenio,4.88
ducado,4.88
emulador,4.88
filogenia,4.88
fuere,4.88
hermetismo,4.88
homónimo,4.88
labranza,4.88
mera,4.88
micrómetro,4.88
precepto,4.88
preponderancia,4.88
proclive,4.88
sus,4.88
traste,4.88
vainas,4.88
vanadio*,4.88
abogar,4.89
absenta,4.89
acaso,4.89
alli,4.89
aparador,4.89
apelación,4.89
brigada,4.89
canónico,4.89
cartesiano,4.89
cómputo,4.89
conmutación,4.89
contractual,4.89
cuadrangular,4.89
decalitro,4.89
deslinde*,4.89
desmentido,4.89
diéresis,4.89
divisa,4.89
enmienda,4.89
esquinera,4.89
estrato,4.89
extranjería,4.89
guacho*,4.89
hispanista,4.89
incontenible,4.89
metalurgia,4.89
neoliberal,4.89
nilón*,4.89
pampa*,4.89
pide,4.89
pormenorizado,4.89
presto,4.89
pujante,4.89
receso,4.89
refutación,4.89
repliegue,4.89
resonar,4.89
sacristán,4.89
secundar,4.89
semi,4.89
sobriedad,4.89
torna,4.89
vitoriano,4.89
volátil,4.89
volatilidad,4.89
yunque,4.89
absorber,4.9
adverbio,4.9
agencia,4.9
aluminio,4.9
analizada,4.9
ancho,4.9
aplomo,4.9
apunte,4.9
aquel,4.9
árabe,4.9
argelino,4.9
arrasar,4.9
asentir,4.9
asta,4.9
boliviano,4.9
borrador,4.9
bravura,4.9
bujía,4.9
búlgaro,4.9
burgués,4.9
calificativo,4.9
calzona,4.9
camello,4.9
capataz,4.9
carlista,4.9
catalogación,4.9
cavidad,4.9
cenit*,4.9
centenas,4.9
cepa,4.9
cifra,4.9
cincuenta,4.9
circundante,4.9
climático,4.9
colar,4.9
comerciar,4.9
confesor,4.9
connotación,4.9
contraste,4.9
cornisa,4.9
coronel,4.9
corriente,4.9
cuantitativa,4.9
cubeta,4.9
cuelga,4.9
cúpula,4.9
dátil,4.9
demás,4.9
diptongo,4.9
divinidad,4.9
dossier,4.9
duración,4.9
ebullición,4.9
edificar,4.9
eje,4.9
electorado,4.9
ente,4.9
enumerar,4.9
escalón,4.9
escurridor,4.9
espadaña,4.9
estante,4.9
evaporar,4.9
fábrica,4.9
fachada,4.9
factor,4.9
factoría,4.9
fase,4.9
fichero,4.9
financiación,4.9
generacional,4.9
granizada,4.9
guardia,4.9
haz,4.9
húngara,4.9
identificar,4.9
indivisible,4.9
inquilino,4.9
institución,4.9
intermitente,4.9
intestino,4.9
jurista,4.9
lagarto,4.9
lentillas,4.9
magnate,4.9
magnesio,4.9
maniquí,4.9
margen,4.9
marqués,4.9
media,4.9
menestra,4.9
metacrilato,4.9
minería,4.9
misiva,4.9
multinacional,4.9
neblina,4.9
nominación,4.9
norma,4.9
nostalgia,4.9
oída,4.9
orar,4.9
ozono,4.9
parking,4.9
pedazo,4.9
persuasión,4.9
podólogo,4.9
polarización,4.9
posesión,4.9
prehispánica,4.9
procesado,4.9
programador,4.9
provincial,4.9
quinquenio,4.9
raza,4.9
refutar,4.9
rejilla,4.9
relativa,4.9
remo,4.9
repetición,4.9
repisa,4.9
retaguardia,4.9
riñón,4.9
rodilla,4.9
sagrado,4.9
segun,4.9
semicírculo,4.9
simulacro,4.9
sindicalismo,4.9
sindicalista,4.9
sindicato,4.9
sintaxis,4.9
sombra,4.9
subdelegado,4.9
sucesoria,4.9
sujeto,4.9
superior,4.9
supondré,4.9
taxista,4.9
temperamento,4.9
teológica,4.9
toma,4.9
tramo,4.9
trasfondo,4.9
trigésimo,4.9
ultravioleta,4.9
variante,4.9
vitrocerámica,4.9
ariete*,4.91
concejo,4.91
pujanza,4.91
rublo,4.91
topónimo,4.91
unicameral,4.91
anverso,4.92
crisantemo,4.92
erar*,4.92
estroncio,4.92
guindo,4.92
monástica,4.92
otomano,4.92
pirotecnia,4.92
alla,4.93
antimonio,4.93
arameo,4.93
atrio,4.93
disidente,4.93
extractar,4.93
galo,4.93
gorjear,4.93
intimista,4.93
izar,4.93
posta,4.93
regia,4.93
represa,4.93
resquicio,4.93
rubidio,4.93
salitre,4.93
tirafondos,4.93
vaticinar*,4.93
vizconde,4.93
acallar,4.94
bursátil,4.94
capitalidad,4.94
carromato,4.94
centinela,4.94
concerniente,4.94
consistorio,4.94
coyuntural,4.94
desquite,4.94
discernimiento,4.94
escarola,4.94
eslovena,4.94
fa,4.94
fuelle,4.94
implementación,4.94
inercial,4.94
meollo,4.94
morisca,4.94
notorio,4.94
ortogonal,4.94
polímero,4.94
posó,4.94
proletaria,4.94
receptáculo,4.94
salmo,4.94
sobrecamisa,4.94
tonelaje,4.94
viceprimer,4.94
yesista,4.94
absorto,4.95
abstracto,4.95
acometida,4.95
adjetivo,4.95
ajeno,4.95
apenas,4.95
ápice,4.95
árbitro,4.95
artífice,4.95
atribuir,4.95
auditor,4.95
bioquímica,4.95
blando,4.95
bordear,4.95
bucal,4.95
butanero,4.95
cabría,4.95
cacerola,4.95
calibre,4.95
calzador,4.95
canalización,4.95
carreras,4.95
carretilla,4.95
cerradura,4.95
cesar,4.95
césar,4.95
ciberespacio,4.95
cinc,4.95
clavar,4.95
cobaya,4.95
codificación,4.95
cogote,4.95
colonizar,4.95
concurrir,4.95
confrontar,4.95
congreso,4.95
conjugar,4.95
conjura,4.95
cono,4.95
constituyente,4.95
convergente,4.95
corporativa,4.95
corregir,4.95
corsarios,4.95
cristal,4.95
cristiano,4.95
debajo,4.95
decímetro,4.95
detective,4.95
determinante,4.95
digerir,4.95
diría,4.95
disciplinario,4.95
disolver,4.95
duodécimo,4.95
embalaje,4.95
encabezado,4.95
ensamblaje,4.95
entretanto,4.95
envasado,4.95
erradicar,4.95
escurreplatos,4.95
esparto,4.95
espejismo,4.95
espinal,4.95
estaría,4.95
exportación,4.95
extensión,4.95
extravagancia,4.95
fecha,4.95
fijeza,4.95
fotocopia,4.95
fracción,4.95
gentilicio,4.95
geometría,4.95
golfista,4.95
granito,4.95
granizar,4.95
grosor,4.95
guante,4.95
helar,4.95
herradura,4.95
hipotético,4.95
iconografía,4.95
impar,4.95
importación,4.95
incidir,4.95
inestimable,4.95
influyente,4.95
inserción,4.95
instauración,4.95
investidura,4.95
jadeante,4.95
jerárquica,4.95
jura,4.95
jurado,4.95
kilolitro,4.95
ladrar,4.95
latitud,4.95
lavandero,4.95
listón,4.95
maquinaria,4.95
marciana,4.95
marroquí,4.95
mecánico,4.95
medida,4.95
mediocampista,4.95
menor,4.95
menudo,4.95
metodológico,4.95
minibús,4.95
minúscula,4.95
molecular,4.95
monasterio,4.95
motor,4.95
multitudinaria,4.95
nacional,4.95
nacionalidad,4.95
nublarse,4.95
obelisco,4.95
oficialidad,4.95
operario,4.95
orgullo,4.95
orificio,4.95
oscilar,4.95
palanca,4.95
papelera,4.95
paradigma,4.95
párpado,4.95
parte,4.95
peñón,4.95
perífrasis,4.95
peroné,4.95
perpendicular,4.95
pigmento,4.95
pivote,4.95
platillo,4.95
pliegue,4.95
poliéster,4.95
ponencia,4.95
pórtico,4.95
posición,4.95
posterioridad,4.95
precaución,4.95
presidenta,4.95
presumir,4.95
provoco,4.95
puntualizar,4.95
quieto,4.95
radial,4.95
recapitulación,4.95
recuento,4.95
regionalista,4.95
revestimiento,4.95
rodillas,4.95
rueda,4.95
saharaui,4.95
sarcasmo,4.95
saudí,4.95
sedimentación,4.95
sobremanera,4.95
socioeconómico,4.95
solapa,4.95
subespecie,4.95
supuesto,4.95
surco,4.95
tabla,4.95
taller,4.95
tamaño,4.95
testimonio,4.95
títere,4.95
torácica,4.95
tórax,4.95
tornar,4.95
trama,4.95
tranvía,4.95
trapo,4.95
trozo,4.95
tubo,4.95
túnica,4.95
vigilante,4.95
yema,4.95
zarzuela,4.95
desvestido,4.98
rebelde,4.98
